"","Buffer2020","PA2020","Buffer2050","PA2050"
"1",111874.289657662,56517.1551306468,70390.7132118506,37260.5658563139
"2",94599.6960756451,43161.6292231123,47467.2130979493,23941.4600519093
"3",180221.086747969,91849.605440127,108185.264519971,58852.6851121493
"4",184288.234177916,87668.352739208,98227.7488434249,51430.2507930963
"5",110398.08407435,56076.5478306828,73472.6902539868,38878.3804094239
"6",243584.615783329,123147.812961604,160191.708562964,84928.1414499412
"7",184175.353022561,97045.5358832558,130337.802499735,70057.5519212107
"8",156557.062758903,84727.7564406076,116677.58520308,63180.2357095152
"9",46658.0501132475,19980.7555457663,24674.5356449096,11744.8206406782
"10",139591.976838451,68524.9612206099,95026.2493883217,49063.654691428
"11",165720.984069852,85412.2472194606,118167.117976966,62472.4698924418
"12",175720.600793976,88401.8060673797,101809.130931715,55153.8163431756
"13",209176.097363802,105701.347661409,140946.372789345,73981.1872992541
"14",189946.552444627,96674.8269762346,126664.476593648,67139.5737335325
"15",75028.4490324952,38075.2495237943,51142.7044275285,26857.5151980229
"16",182597.131921818,92804.4342320665,114019.347550282,60807.0465865392
"17",237322.474230077,124946.80225109,164528.050093665,89160.8517214712
"18",95868.5042640939,43700.069662283,44197.0582691649,22630.5782364016
"19",97646.7680169803,47637.7203526922,63974.2583255257,32914.8522354842
"20",115299.140913744,52077.5602179194,54534.397189198,27826.6523353384
"21",145358.638245078,71676.6855781232,91379.3117639261,47639.4282544195
"22",191645.59945495,101059.602708843,127283.167487306,69238.6931789379
"23",60673.1651233601,24674.4495732813,30826.6595119855,13808.5252647332
"24",130818.677529641,61523.404903105,84401.2376600233,42210.0553053106
"25",133426.056336743,69127.6739855018,98968.1033680495,52200.532176302
"26",148707.660665605,75778.2277661981,102666.136162451,54235.5040866853
"27",168265.667759149,86910.5015885112,109475.858923955,58745.3864902123
"28",214798.41441696,114904.377774959,151800.472428388,82355.0575211441
"29",46115.1528459139,14683.0533618205,13083.9688252185,4391.64997617133
"30",73444.5574276563,32301.8961619028,36096.6695150229,17801.9272212311
"31",139415.085172674,73472.0998650226,101999.228565343,54629.6113031696
"32",98522.7993292319,50005.5583191381,59953.282648756,32001.6769270503
"33",175416.318844859,91632.2057735132,111141.591455733,60389.3831428607
"34",190079.084888024,98050.273535403,125975.186564263,67265.4693234069
"35",196949.033988212,105574.831886832,147858.321454972,79910.4656596866
"36",206700.59339125,110921.13774979,152578.597402647,82493.2745739029
"37",115489.884539019,54772.8109488983,64898.782264803,33256.8255543049
"38",94189.5887193007,43278.812061802,49854.7818747756,25131.0117211833
"39",156970.92799596,78961.9522770688,98945.7036996867,52412.7635836791
"40",187068.418892642,95976.5015960874,129198.734818418,68501.5269703924
"41",161188.928523654,78324.4130953238,87061.6243420584,46469.9468753511
"42",61047.2716180604,26311.7417263672,36977.8067886626,17183.5909537348
"43",164169.07789595,86073.5074462855,110123.966548112,59497.9056705994
"44",196405.664512225,97594.6920003362,115456.487858878,61770.5272725696
"45",63096.0729193588,25477.9076541482,19921.1720410932,9424.19510268832
"46",139732.866123787,69614.7721408482,79867.4942077107,42654.7140590303
"47",184354.046246273,92390.4429143964,115058.040195081,60839.309702934
"48",149402.694047523,67567.4476037624,74888.8156195971,37664.2505507176
"49",133734.762770249,65404.7727641026,72185.1944841483,38168.674316734
"50",125353.988564649,62851.011245888,77255.5366833391,40897.6775194388
"51",189342.915261583,96381.9265623898,115876.138099077,62720.4402869803
"52",96651.5280298795,45218.3409364782,55569.5626582341,28203.3759137756
"53",196837.827396714,100971.304250724,135165.854280819,71524.1190933921
"54",188862.770318155,98247.8774828285,120483.73616679,65487.969372415
"55",147889.812939945,77391.7405875412,100504.97714816,53936.3529945637
"56",189217.981988558,98910.1079906511,128774.047510265,69263.601332944
"57",110706.006738662,51578.6056583758,48313.835172622,25398.3305735285
"58",74705.3215338048,31477.3103613772,32514.4006318415,15755.6978593107
"59",96673.0492315062,40793.8225428747,39574.0961751333,19462.686084525
"60",100464.904819008,54150.4127181333,71336.4237584583,38923.0105393258
"61",156886.896333125,78327.9148466562,112593.024708758,58177.3382885359
"62",135510.857695501,67464.7358304743,82522.866909202,43670.7205822273
"63",93278.2400125737,39796.7343916683,47293.8153457408,22504.1531906936
"64",101042.368178968,48535.0347921909,59716.9762311147,30766.7979592743
"65",159985.245981529,79605.9340815749,103699.166974312,54226.1907709558
"66",89996.4756950137,45670.1937195667,56145.4634904041,29950.4196079929
"67",193391.122608225,103204.365114342,142271.195493348,76764.4088806847
"68",179924.028673255,97190.3648494091,127156.048542694,69467.0420308555
"69",150855.656845758,77297.3036621484,94860.0604222,50817.0928801817
"70",213779.61084704,114753.891921462,153415.051905839,83119.6653427349
"71",88914.4455556797,39709.4727463482,45858.2697376183,22830.0921505132
"72",123144.365991935,64906.5292419561,87939.4520166818,47241.6778674963
"73",157036.014060749,80653.389779341,97911.3358610418,52671.8508643138
"74",86650.1195552492,41148.2232301512,48296.841959187,24942.0594963523
"75",115754.097062664,48430.9424681979,49325.3671471002,23584.7148601134
"76",159491.559880834,83999.2970304149,103542.960067761,56170.1331631068
"77",119519.242307156,55543.1491008438,67661.5403018076,34282.9061016503
"78",73822.8629472332,32804.8417673108,38841.5362101002,18825.8957434071
"79",223583.579176579,118042.427760547,155565.988326911,84162.302782849
"80",163529.68277467,83520.3788915821,98759.0173738555,53115.464575515
"81",58880.6209104719,19928.3922417759,19774.644638662,7370.55762360865
"82",147372.903175098,71337.3407902819,88407.8262419906,45699.5282026799
"83",160583.622353318,78613.0304002431,93925.5527866762,49024.3639598556
"84",162398.178943782,82990.4415341859,100901.198177616,54186.37297064
"85",141382.028551931,70126.605235202,78556.2300015943,41911.287997107
"86",223248.232637114,113470.429117146,152363.004229732,80187.9643709936
"87",128105.747709859,64357.9935565594,85462.4018606079,44910.0049629432
"88",147540.473937912,70313.2642318226,91378.3409597026,46583.2932609821
"89",165167.710931987,85822.9619671567,111452.419819599,59882.4254959445
"90",160179.033363759,82557.5604739881,101411.735715507,54291.8673618959
"91",222687.412856071,112973.457635209,142262.34742004,76333.1637914356
"92",183567.058469933,95791.6146873482,129201.305170472,69036.7634836545
"93",169380.494367802,83899.9470556492,102238.341198548,53727.5712871392
"94",146160.028471496,72266.2512573205,95434.0824801831,49784.8645753757
"95",117402.306320622,61529.7200719094,73478.2813609149,40234.1946484566
"96",154701.42753649,75985.947469404,100645.781462232,52100.0146616498
"97",94516.4520893886,37657.010070193,34940.8734098198,16123.9894184531
"98",160563.815126447,83725.1567641677,110343.109784225,59131.0284134506
"99",52873.6365710858,22147.3603549024,23606.1247324385,11244.1993363108
"100",188559.443120832,99902.0766802532,126969.425540673,68928.5109614225
"101",186717.031549776,95327.4130579603,116896.627639323,62785.5744771703
"102",107755.768716606,54164.705526123,72410.9189678783,37957.2993106664
"103",170921.224761289,90824.2823419165,123298.173364067,66457.7526236125
"104",73419.9242138281,31901.9263337114,33498.2916430706,16539.2092178157
"105",163247.350849584,82893.9462162182,98418.6567455752,52814.4169371023
"106",160065.168546393,81707.0637077489,96958.6374558255,52086.6015067422
"107",215192.815149437,114360.412438397,151290.351362567,81755.2600311198
"108",135403.361438822,61117.9532651222,68654.806129523,34668.438907965
"109",98402.4093875794,47046.4225413628,58913.1570013481,30258.3523064903
"110",111421.814251822,58214.614108769,76949.5390445317,41332.236168239
"111",238972.519268743,124163.649062909,162775.202319733,87314.5457625563
"112",83434.8505417822,35485.5402119134,43446.3165843571,20553.7157778828
"113",77853.7118907188,39856.7475404467,48616.3219830426,26237.548879744
"114",167145.46416895,88072.4645483454,121032.263788064,65014.5830119611
"115",194814.144830136,103106.485675042,137019.439076357,73915.4782011297
"116",201843.039891418,100067.737540369,121309.602177207,64482.3865658966
"117",110305.028004101,53844.9018421781,64780.1645979915,33935.7212722619
"118",155686.222801117,81168.5434906833,115549.765639946,61345.5895396233
"119",141230.202950398,71589.3069233633,89494.6985721787,47471.38346798
"120",238415.9496263,123812.544882086,158981.410356285,86369.8330112474
"121",213585.929130382,109928.633954307,149711.938247667,79456.7144254259
"122",109390.626487659,51506.6950743743,55486.1097451115,29131.6648902421
"123",118340.198053965,58241.7108931327,69100.0326930039,36365.5982891388
"124",229362.810636346,113822.535163428,139864.970286115,74730.4255005577
"125",187108.410046237,97280.794070285,124015.162660578,66712.653144796
"126",198082.190792146,95738.4351575503,109724.397629946,58002.4945306147
"127",58458.9374426065,21805.0504811522,25279.630613022,10619.0110657734
"128",147154.835065752,76111.2333047618,108481.70386946,57256.0630500153
"129",189913.174884681,94057.9484087737,109475.055768168,58931.1666077026
"130",216134.388536765,113483.15364487,153489.482993405,82313.1304429323
"131",116476.811508879,55336.5793208739,71012.0715881386,36031.8089134104
"132",118694.383029966,61131.4411654556,85452.8183650469,44902.7232437233
"133",191824.66963495,94279.3129232599,112409.448171764,59529.3495925354
"134",182579.953020463,96568.879818474,128423.009388701,69228.2581102154
"135",180424.18218933,91913.7212490811,113397.965665226,60648.9649857748
"136",106856.939059247,50280.457503119,57169.8710657857,29776.3562757407
"137",126764.613237026,63779.039302616,71951.09374649,38509.4829713742
"138",64187.6176657594,26951.5257833097,32585.006588233,15232.3920508357
"139",146837.53851256,72908.9501719237,84625.9610842836,44933.0236387128
"140",141388.419932748,75767.6420357813,91367.2876573149,50483.8450930805
"141",100445.260377537,50182.4485898656,58993.1990086544,31534.1030331883
"142",114125.047454809,55528.775807646,75850.77450776,38793.5049258161
"143",90111.8333153795,42984.0739120544,52471.3077732691,26971.483116166
"144",164500.217911611,83501.9352825994,103211.998441868,55002.8999507213
"145",151851.153687387,72128.4193579862,79237.0845184232,41539.5915685475
"146",120150.913066413,63710.5073430504,80346.8289692463,43591.3097909866
"147",117022.931360067,55719.3531858404,58165.8563690813,30640.1548853264
"148",129523.578672967,62831.6270424148,78438.3798650514,40749.2570747851
"149",139418.135159768,62621.4240575327,65443.6024142189,32934.0237560841
"150",110180.398865932,49622.5159719643,50949.5187921866,25945.3840187425
"151",66878.5923393584,27094.5282011706,34287.5736121905,15364.3140061452
"152",136978.543547299,68372.833604301,80216.672752653,42735.397238211
"153",194652.042583702,100572.410849398,129647.067429763,69237.8580566039
"154",137182.302843568,64675.9468081438,65208.063126438,34304.9240651588
"155",225261.279709599,113439.283826971,142142.741444185,75821.5570609981
"156",120791.766398414,58655.2374820875,76033.9137596509,39216.0464026022
"157",212225.909622882,110000.985181089,139673.633867657,75272.3379495003
"158",96652.1494360237,49406.3025538822,65475.0553201414,34660.1658560101
"159",148240.333185855,71615.1568890736,86543.6607934374,45113.9286385633
"160",184299.421183506,92974.6826198579,111619.916908668,59838.2298250908
"161",149145.49403674,76480.1505638753,101908.154477229,53778.8087557876
"162",218869.15134962,110375.433723576,135590.307108305,72866.5897190302
"163",176869.938121179,91330.559913882,109909.733891492,59803.9212249857
"164",83803.5177463511,37282.7864058551,43019.5520365996,21304.0962311814
"165",125803.966142422,60596.2939318437,65899.6273008246,34817.9038684556
"166",128974.039091536,65890.9697979229,82097.9861459676,44039.4109289754
"167",77600.9259473745,36014.8094739733,48475.1222003635,24253.2547472339
"168",248055.476463668,128585.117939844,169326.871736003,90956.4422438211
"169",243934.354013453,127547.468109134,170178.045458728,91045.3461711927
"170",162597.087587878,78073.9186543674,90141.0074975792,47108.0018494951
"171",84443.7868627345,42019.7609369924,50600.0468028873,26838.9053272645
"172",76561.3684954805,31743.1985069759,31982.0337798033,15212.5789515723
"173",238680.820294008,119477.64591548,149361.553234996,79339.0390069903
"174",196688.48075775,98613.9202603115,116759.935044089,62851.0416964356
"175",96081.0567065069,45563.1025367723,49821.3970492506,25781.6365949505
"176",61996.0912767688,28095.2740128974,36071.4474335712,17568.397629346
"177",97709.7821463195,48030.4755959977,53974.6457548065,28636.7440527378
"178",56921.2000922548,16942.1582863814,16250.8668756592,4361.82119089424
"179",139814.163584235,73491.95727143,96212.2540402316,51921.5537267016
"180",209873.977355852,105926.160533509,134169.823127558,71010.3414313112
"181",109646.786466329,51276.6763583219,67408.4992582106,33743.636798078
"182",77007.3004141331,38932.0046851945,52102.0183091369,27278.2565394321
"183",208989.891494323,111669.673820131,150146.529434849,81193.5160384566
"184",114187.974047018,58159.7741003269,74643.5690437361,39643.3108525014
"185",185074.665394963,98540.0381366385,128674.261872994,69697.3225942587
"186",105897.452306896,49309.4366823151,63986.5520255407,32187.4141068955
"187",110343.762357567,50967.1932828338,55086.3806881896,28246.5748675116
"188",163361.860766322,79368.8024448266,91956.2745741532,48129.0072384909
"189",186536.9867316,95404.4951901445,115613.249800313,62646.4297121553
"190",166530.426132902,86394.8449016896,111316.245166806,59851.9910394639
"191",199884.183156235,98935.6179901379,118120.909320681,62861.7186500984
"192",110964.648242005,54876.7155374343,75321.7801194544,39021.9205250925
"193",119964.04148552,61261.7850480048,80565.823822246,42658.657145363
"194",95437.2672185663,48693.0652447733,63509.6232057454,33601.5008707871
"195",119215.043747659,54523.5509140929,67487.9346644212,33691.402772909
"196",236431.856340549,122923.546017594,159410.393042166,86038.9117505145
"197",149934.325112854,70479.6935031552,72794.6763680911,38424.9266744898
"198",145269.81590583,74717.7061961498,102555.014731912,54145.8116582723
"199",219873.451360154,116684.26734147,155994.849812921,84057.4844792507
"200",165343.353220356,83482.9805429391,104268.585303161,55381.8312840151
"201",138354.942585134,67133.1492369927,91925.0248381166,47140.8037288103
"202",93348.2601703166,46265.8226643336,61830.2382994633,32127.7742293544
"203",110646.927421708,55161.6500928951,67642.697949603,35832.9912141645
"204",214084.065259223,110633.547320629,143240.541609799,76482.0128984239
"205",158549.7802295,83919.1210031439,106541.780535276,57984.7013831334
"206",96101.1201875659,47933.0018763207,59323.3669378727,31362.5883728728
"207",123302.720950985,57192.2422014688,58629.0402002565,30293.7925515537
"208",115257.825727662,56667.3930973246,74163.9478110534,38322.8780535487
"209",111724.57021031,49872.8818754953,57697.4267987635,28775.7920285045
"210",101327.630471348,45550.0869333981,56078.8871942566,27394.4044351528
"211",212871.607184975,109583.819960283,138363.707865379,74149.7691829752
"212",125730.168018124,64265.8988910959,79354.9878612397,42664.8237208012
"213",205342.379886982,106832.248336805,135026.244071233,73212.0872023702
"214",93643.7258672886,39561.6076462624,43888.5059888261,21052.9471302207
"215",165968.766165106,85089.4544072242,101702.375227049,54942.4512727222
"216",228075.160158315,119282.982948831,158667.101314676,84970.5068842191
"217",82726.4942482177,39930.0400457352,53926.8759684635,27441.3078131155
"218",207493.916172077,103860.772254671,135189.895536955,71179.01989403
"219",140680.362151532,71213.7516444844,100193.821274132,52146.6212938068
"220",194582.533743945,98580.7952510577,121772.836827103,65092.6236081225
"221",50941.458185923,18917.0822342102,21078.3818953168,8886.02719168472
"222",230858.796085001,118337.812479773,152929.806920859,82054.4379665864
"223",107785.680864597,53824.1845486423,73301.088466535,38148.2077986261
"224",117427.955377117,59607.7641895302,72913.9604074303,39055.7066766237
"225",223435.518453662,114106.972857388,147011.824339635,78721.8353661193
"226",214966.66808448,105937.48949334,125547.14417256,67186.7490227746
"227",66017.989292449,28780.8233709727,34079.0697057268,16452.2086071599
"228",170545.059745454,84030.8906110301,113230.523374032,58727.0177021783
"229",180524.546773234,92395.7887015738,117276.458596758,62684.3482473252
"230",66741.1189190135,29915.7805199996,34412.6004354474,17156.3592785592
"231",212843.387525183,111894.949877884,144441.052245625,77987.2603085681
"232",78528.2833432538,34894.2895770991,40414.8870292339,19742.1283899804
"233",95211.8066597081,44935.3427983017,61724.3624188663,30738.3133637512
"234",159218.540576284,77337.5089472372,84568.5657183163,45004.7440443063
"235",74785.6310705393,35322.5131512132,47436.1787141167,23804.249080323
"236",154219.869128195,72711.5235053326,81176.4362128934,42380.1486695368
"237",228299.526746738,119346.77223321,157024.044689805,84326.6204523513
"238",160601.502304949,85462.2447527935,109380.809192208,59347.1553005316
"239",196092.365732897,99982.683319041,139526.55582976,73205.0709231967
"240",92439.0437555936,42485.4522999051,52993.0314192551,26609.0658107485
"241",211716.468735548,112795.944316351,161465.816641051,86771.6962115837
"242",153232.292987719,75106.3489163473,92707.2954475297,48384.2472596075
"243",69722.7448731363,30076.0319031319,30246.7180365319,14928.7428278102
"244",112935.378376567,56732.7457220251,73105.6303424239,38618.5116476212
"245",190053.892204656,94750.8819871704,118781.195646256,62482.3444956286
"246",216808.58568463,112124.925670989,146602.184720353,78321.9047448858
"247",178785.528197317,91578.2378041639,113695.699103393,61009.0546680446
"248",91938.7849509708,37496.82921999,37090.7863749093,17378.9848657325
"249",69816.3757234849,30365.2127682909,40085.0455511834,18771.2643545271
"250",115486.39743169,58926.4493225696,82818.2580391152,43337.4964581494
"251",130717.75176916,59092.5638508843,62903.5261607836,31933.6939224209
"252",246360.615514619,126541.986593019,165509.440191492,88315.2149355888
"253",210781.686780072,111732.249369583,146694.347254789,79125.8573067924
"254",102898.620151666,50374.975878111,53943.5248405908,28817.8593963204
"255",105821.811341134,49917.9150294699,58989.7353695228,30187.4659204191
"256",191262.648915737,100008.805818881,134760.916612891,71911.6864025387
"257",149306.80963224,76035.7616466458,94671.3816947347,50640.7123253405
"258",82306.6420014579,36381.863295186,45243.5579601769,21995.2466887581
"259",123174.585094164,61642.566743238,74649.8895633333,39556.5670530019
"260",227877.495366126,122501.534856684,163116.931895393,88603.556285232
"261",66286.5875591949,29825.3331595672,38064.6643945975,18675.5144242528
"262",76419.7882220771,38758.1229631095,54810.9648408406,28476.2782831534
"263",56300.2664016941,27434.1214886112,32453.786221894,16892.9252459687
"264",222468.454332435,115851.172885107,149911.924906951,80812.0051977066
"265",192451.39923461,96610.5650353498,120417.657206028,63863.5166595289
"266",109179.737571141,49070.3838810311,55040.1821101257,27658.1925211715
"267",185526.030613584,94686.0028908043,110768.273915499,60492.2697929307
"268",220331.021480426,112930.292788506,142673.006827403,76850.1872604934
"269",105442.124259067,50002.0016766916,59653.8096009491,30796.3310856907
"270",112068.666008582,58403.7258267381,72547.1153268893,39057.385787053
"271",113316.496700999,56011.2007726786,74615.2214318353,38727.1912401184
"272",204609.250022858,107894.66747283,138387.273196095,74933.7608728425
"273",128513.623566896,63590.6363727934,71071.5088275035,37842.3824828455
"274",108880.766286316,54447.3318165391,65848.4786860936,35067.4331045101
"275",148009.553987452,75394.9488921247,86936.3259037809,46963.8873761479
"276",169215.394492633,87421.0424668941,116125.239970908,61797.6425886555
"277",109355.404844923,51126.42369987,57771.0534007387,29726.9647914004
"278",189407.413059713,95974.3584223327,118586.271257481,63179.4810310045
"279",182060.615173162,90620.0722291902,105279.095712262,56531.4383844222
"280",131178.712371176,69125.7921927224,92733.467423538,49742.4275414547
"281",225387.305600357,119389.623738433,156174.199631698,84811.7938669268
"282",112342.987609154,54684.0376325785,69860.5230937051,35938.6036564081
"283",169678.859013844,87228.7858098889,121097.051516763,63944.6694168585
"284",227672.623656908,119406.391061849,157047.401246074,84687.7054626494
"285",140290.087826383,70193.3581520019,82337.8905800942,43760.6661740434
"286",180445.650540452,93764.0980870548,123316.93483377,65722.1820344839
"287",173845.59806095,88976.1493788716,121383.454400104,64071.4935621816
"288",164976.037884886,83891.2387891505,99827.6296875901,53585.3657088966
"289",228363.527047489,119717.863724083,155987.035898401,84348.5003721579
"290",150045.830175883,69452.2684886917,82742.8618769103,41923.4359924764
"291",183417.434692929,92567.0394058383,109311.517490366,59038.897682565
"292",189394.80375025,95902.4042119024,110221.173968359,60001.9319275682
"293",233001.22443481,120869.517129218,156760.057179433,84543.5184621876
"294",226646.482888453,113365.294899884,141649.887989853,75379.3843395712
"295",130194.224018377,65316.7081024042,85575.5773696068,44873.1910781868
"296",111730.14967828,57433.6881389162,69082.9694795307,37287.1631760033
"297",57488.0211412663,19370.0787416145,23012.8534911652,8431.19290831971
"298",127182.821028571,67601.1364127448,90345.5705867213,48919.4631255915
"299",219884.632564495,111316.621956627,140618.529051534,75191.6690164455
"300",184395.388333215,97066.8477662911,129063.23542191,69398.9696258374
"301",144383.782977609,72609.5876925251,89781.8653963868,47480.7749812093
"302",185280.562430186,95649.2226941163,115696.01549845,62659.2815203302
"303",170285.07259611,88700.6682680943,114703.207321986,61458.823143757
"304",70842.1024508418,26855.7158822928,31583.2649529206,13568.3236447708
"305",161981.715390901,83528.1935099599,122595.51218835,64337.436719876
"306",67506.8258842881,34189.5463503028,45671.0458075681,24083.2956357916
"307",197582.779041287,98201.7300331578,118302.386110265,63016.6936031005
"308",178159.290878354,89381.3136783592,106237.099287141,56674.4715587553
"309",131257.422205092,66146.6168548095,87730.2550337944,46043.196712806
"310",211378.127783748,108709.839321002,136803.914968753,73687.2981776971
"311",102612.85225015,47430.4681353374,52908.8265130767,27021.8355773041
"312",128032.286613405,55823.8526900734,53180.968157026,26075.185559236
"313",159517.089555224,80260.8526674182,95705.209023395,51020.671695267
"314",232934.784754769,120608.374444602,162357.797370329,86260.3672583259
"315",66388.3436877369,27976.1301173485,34548.0374163969,15772.0587617679
"316",137424.094399398,67592.7959296145,86729.3191662066,45340.6489901062
"317",46880.3618704828,16081.6895553005,19255.9853293046,7262.74186269477
"318",146013.703773783,77650.6453568724,104441.826084924,56385.7608571676
"319",134400.917570311,61306.1773551379,71860.263418664,36345.7393927985
"320",86912.4975768286,42285.7396583553,52315.2785765519,27205.1612945203
"321",209892.550149452,108627.402009782,139491.047470358,74824.7068314458
"322",103229.120367862,50588.0378141973,52463.2724420824,28106.1187018671
"323",85211.0566820636,41848.7914061565,53811.3244577117,27800.4413768901
"324",137249.47646776,68168.2022814945,89652.0654385126,46682.3713066268
"325",119885.680324882,53449.0671783401,51987.1153261521,26315.0574232533
"326",119511.427448202,53686.7657828796,65029.2678508412,32122.8589749904
"327",137523.222717211,69500.3388469162,92777.6500772438,48808.2303159535
"328",111935.814165079,51915.7258612533,46627.723849998,24959.0678190877
"329",207335.211520373,109002.850045786,151153.060579633,80672.6148393066
"330",104555.848313852,47812.2563155758,63624.9992392735,31345.0168863896
"331",244815.309879503,127180.381348742,166686.268610824,89666.1575711129
"332",214544.003598346,114162.54542539,147550.869371712,80230.3407021142
"333",241205.228293172,124315.503702563,160787.425879689,86046.4758561503
"334",84843.7217203569,39438.8912653233,44254.1237992404,22779.8060721772
"335",219749.940034884,115183.977162474,164519.819084956,87536.4559599799
"336",113974.390921289,56812.3374478054,66465.5585090493,35386.2407844485
"337",208192.911311373,110335.094035106,159597.005099685,85408.7259113831
"338",118517.544264951,57653.8167908714,71450.4843684411,37047.1830283371
"339",190103.198634177,98896.1032782465,128667.581735407,69028.7587475462
"340",186198.021676718,96974.0336591202,122273.927722617,65971.8874697025
"341",137722.705872296,69387.1959557119,86810.6812434329,45791.3881269187
"342",125318.3509762,59848.9015674547,65714.9116516484,34559.1407988422
"343",224936.749363067,120465.747796711,159457.092938344,86713.8157203979
"344",231570.516696563,122074.019186306,162213.324828157,87364.5499169427
"345",159874.977033315,82447.1684801847,106990.737844685,57211.6435981742
"346",124681.0427168,64078.8611956438,85465.4267011694,45311.2746672708
"347",130580.762103631,63755.7041402968,82688.2256303177,42833.1209293929
"348",234931.793522585,119670.790028191,155054.048599209,82445.4657889872
"349",221283.901334986,118686.399202626,157151.245861551,85495.5473081338
"350",180656.710450998,95793.1398709364,121383.166688579,66035.0623618626
"351",103782.06422304,50855.2589562088,58950.7151306437,31139.051040264
"352",210593.382691193,107739.600114227,141181.269518633,74968.3760497681
"353",170725.685224344,86088.2455768111,108274.640712473,57435.397164624
"354",129421.287985959,64881.9828758594,82293.045326109,43507.2824236819
"355",163032.116117441,85022.4166715186,106381.182341736,57343.6726227459
"356",64877.4298221856,25691.4867874178,21225.8174471291,9938.31178890862
"357",220904.69570454,111734.94242893,139385.388075685,74385.9296837668
"358",157708.296955993,80061.1790285382,101821.149022041,54134.9677858973
"359",214101.491688518,115120.403257555,160079.058462145,86565.0341831728
"360",148112.585171432,71972.5258580581,78908.2358648627,42077.6296984395
"361",190501.428970489,102239.531460184,132637.101797751,72279.8415953845
"362",251460.936252011,130166.976615817,169428.841532086,91330.3914071302
"363",150726.818506037,74155.6478686246,94986.4988495691,49535.0220297711
"364",107226.907851348,54136.0815760844,59703.9763801026,32708.1438980231
"365",122294.888133403,60510.4722718115,76779.2151416764,40069.9449067373
"366",161207.434974483,82049.4904965159,108128.678250934,57035.7515383572
"367",45565.052412441,19792.2258275318,22237.2548663562,10846.3602744981
"368",96840.304405774,49191.1390555881,73778.2050189837,38032.8197297206
"369",172414.720547796,90581.8983303528,123588.872503931,66032.8797695769
"370",152215.89781132,74775.5952486315,91668.4926623104,47914.7837867772
"371",136947.896085479,70724.6685623139,92993.7907016,49543.9894464053
"372",181429.519591204,92481.3087217383,105940.727799874,58296.760273009
"373",96166.8655482973,49266.3891595603,68184.1464029561,36071.9087959607
"374",157851.303778168,82599.2925323705,113574.037710457,60463.0207995126
"375",221853.773396668,114799.192046553,149845.791583238,80158.3617037138
"376",167958.957801746,79215.0113882809,87506.1591647586,45524.5597837893
"377",158055.46693103,80781.2343001753,103493.574902977,55095.7051322449
"378",116771.281735877,58815.4030146767,80323.9213770771,41913.5334754772
"379",190097.458990918,102550.70317348,142342.378523629,77158.670289814
"380",157464.95493394,78861.985546916,88069.9010295171,47715.14695229
"381",92272.90228132,45623.1452905418,60887.0264099916,31683.4437250448
"382",223067.03877286,116769.338882772,154805.585814833,82982.0458105435
"383",144009.048930889,73168.6504652458,93131.2029185103,49365.9650148719
"384",103526.547826567,51068.4668973842,59640.4605899105,31433.3363933729
"385",244078.075700114,122420.376445083,152514.695825201,81849.9298016094
"386",248802.267045423,126528.39904214,164260.582465129,87865.0725120509
"387",112841.881210013,55935.3190769668,83067.9506216459,42406.7494970218
"388",121445.16457109,63173.1588050871,92448.620823182,48834.7203600532
"389",202988.025657921,103572.639159846,124660.577626049,67386.8256660917
"390",126952.757878154,65369.3553880995,81865.1664817319,43788.9794263592
"391",61169.3983074634,30881.782825658,40158.6630087898,21293.791559204
"392",97753.1853683777,48503.2542006622,59917.4811211365,31491.9466448085
"393",85919.8619483814,43306.3697907654,55262.4788935778,29158.3476546134
"394",141586.572603736,72626.6218621572,93013.4333118716,49617.0259947732
"395",232981.013210036,116957.777083346,148176.658696574,79159.0272964134
"396",219569.546019838,112783.795758401,147315.796409312,78556.3919648048
"397",162036.155003465,83578.6922785625,110109.447057504,58605.1869590312
"398",139305.421086694,72028.7251726492,85769.8183512795,46601.6126589283
"399",216072.686157961,107325.259076454,130105.478382802,69494.3331889361
"400",204483.198129312,104723.660473812,134317.159810378,71621.1850009518
"401",172562.142568685,84691.3303237608,97555.440885612,51780.0070815597
"402",129542.037996773,64396.5490613717,72208.8931344991,38492.2512107986
"403",185138.476592622,94858.3206270254,115174.571915933,62093.8053936586
"404",196130.693752268,103293.0253709,128110.688317927,69947.2748000958
"405",142061.937650123,73071.5110310851,85516.7959523721,46259.9932632648
"406",190605.919612007,100600.485226824,138686.064303449,74235.468544176
"407",134343.610453311,62023.3079883674,69549.3398163797,35552.2584368061
"408",120712.008635777,56759.6118669979,60311.507279453,31283.8883008101
"409",181181.566617451,94179.0224868695,122675.266262105,65785.1410644945
"410",155520.815723487,80350.586304091,96721.5479185951,52060.1848005004
"411",103614.427817858,51936.7002618248,70877.7638589458,36862.5457228143
"412",107391.847531625,45677.947161146,42896.9646833943,21064.4461210233
"413",87210.0220883574,37842.8478512835,49711.7937453933,23628.1426452394
"414",92804.2051376588,41326.4089259148,45161.1903751554,22433.37787462
"415",108384.145068141,52395.556433453,61979.8967666133,32398.627484917
"416",123011.007487125,57541.2298335064,65894.3341270017,33759.8149777267
"417",48577.1345331715,22114.6895772137,30934.5601645991,14988.3046017398
"418",118583.928703354,56180.2986109609,69914.553030063,35757.054313844
"419",205843.292047359,106015.22262769,135673.744086299,72292.9919875028
"420",78691.1107924062,34438.1753268103,36772.8488749455,18196.8668221844
"421",218547.183295956,111988.314479664,142072.875347598,76487.4966203742
"422",217295.504695369,110712.662372183,139466.933160676,74459.1536851286
"423",175074.329095619,83264.6242168465,91645.6885162619,47978.3546037275
"424",105108.098352255,50482.9424555932,60031.8669671474,31217.1662569396
"425",138762.998135837,63900.0047603752,81911.0073763785,40984.6802195076
"426",231272.091653088,122239.732249371,161725.155293449,87168.0644107729
"427",185083.266778005,95391.5960223628,125480.326593828,66740.3396883909
"428",156725.575090161,82177.1179188876,117030.103693203,62179.1785333629
"429",132213.368839453,69207.2094489606,88791.5687516648,47656.3371846887
"430",239544.518173857,125652.902845689,167272.331673728,89914.7051916198
"431",124046.332676238,61257.4566089344,73230.4310684346,38776.7155599139
"432",110240.613011747,51930.0548966635,65063.348959724,32994.8387628983
"433",248079.171956591,126267.19400975,163365.68977506,86990.3268178849
"434",190857.410379742,100058.418836424,137939.674889785,73522.0015003317
"435",187972.078559787,96119.6615025901,124890.898737039,66352.3054525266
"436",214825.265700562,115458.716420101,153194.32050373,83432.8690783476
"437",150737.291740759,77277.7842105308,87670.9048679821,47818.2107504
"438",124640.58354345,61866.5088200656,84477.0333051067,43602.7600369833
"439",257190.31904099,130520.577443233,169794.322593889,90454.4597273636
"440",78823.6697872599,34569.3576762919,42042.079600538,20501.9408233601
"441",108932.410526223,51884.8867286855,55075.7578687106,28947.9980654219
"442",97587.303423532,49028.9018204554,60445.4187719298,31936.5997358284
"443",146828.926393035,76538.3974607727,103283.466272287,55106.1417363479
"444",195068.560462856,94705.7615355678,108607.194138743,57773.4055976911
"445",153153.761851816,78230.6842747187,89772.9380011995,48681.0483484821
"446",77022.2698783697,33831.3107317955,39930.7227222317,19424.6045115929
"447",90462.1977684198,41805.4971501476,45294.0259413668,23356.3720271575
"448",177040.01560528,91512.0694579063,123460.635973965,65512.8900352845
"449",166868.269851661,86259.1674948943,103139.013902918,55874.4068829345
"450",238357.839570794,120378.387389727,155111.142932317,82353.7208302295
"451",221050.575675729,116025.48433099,149492.073250985,80969.919187966
"452",157363.209216637,78836.415102802,107815.371193698,56250.0214747307
"453",224557.220090811,118217.739742393,156495.002934623,84136.0734355513
"454",149978.512216912,73503.4535619636,81486.1374048025,43366.5931206696
"455",134644.237824685,66101.7882344098,78717.8606683644,41249.3728118274
"456",74472.9013218591,29787.3436376268,29315.349062542,13479.6126734369
"457",168130.008498286,88987.2640533664,119795.573496459,64541.706058553
"458",179993.163759084,85233.7430364365,94486.0725853855,49787.2995725872
"459",241043.889242587,126358.18218516,169605.823483825,90831.3657644692
"460",113209.844222279,50348.2095575865,53820.5954516055,26944.13341158
"461",77299.3338758052,29806.0576523451,30699.3360344429,13526.4705320143
"462",133504.96968412,68928.7039804491,88413.6735628419,47379.9174261073
"463",184074.098216795,90623.3734683225,104225.769094768,55634.5442832307
"464",229541.033598844,118315.603363138,154051.99550805,82646.0979091749
"465",212916.01912235,106826.919808159,127863.547071034,69008.2320355595
"466",174763.99218332,87637.2655907573,102812.311587974,55136.5940483958
"467",189100.796510893,100308.566039679,127389.240137188,69334.4454816
"468",117813.781036522,49766.6097621617,51878.8202036725,25106.5626584369
"469",175826.30946991,94455.3452236883,117449.670915386,64513.0451710758
"470",87340.0101321451,35101.2067729046,30041.4506161018,13982.2711584324
"471",112923.02691928,50954.0261482484,56323.0592785451,28410.3811227316
"472",143926.637457602,73445.6773810628,79509.6389789159,43840.7381522873
"473",136578.369143462,72376.2773853044,93081.0699321996,50574.0785592499
"474",161587.523497948,81599.2132492216,96261.3158015671,51435.8605412705
"475",182681.41285434,94568.4477768612,132939.040149548,70339.5107046675
"476",202562.230809617,103701.056525453,136773.474417159,72552.5770662616
"477",74539.8140893639,34100.5713473201,43418.6898802832,21419.2016370149
"478",66581.8574825207,25329.7448143309,23805.0577247172,10564.4916030528
"479",179914.447025586,92898.9543366119,129996.931128925,68613.5168860292
"480",188231.029388616,98062.5010750496,127610.766589493,68392.4666775572
"481",93455.2013609113,45744.718493537,52557.5325272682,27649.6812132921
"482",229445.829832118,122592.874124046,168885.156429842,91165.5472908663
"483",64835.8085650313,28501.3640305973,38834.3694029103,18455.1834902596
"484",135088.600522703,57999.2464481438,57251.7131801611,27334.7641111826
"485",137112.792175276,68057.6274555283,93452.4058968618,48367.9973245638
"486",109880.877395664,48559.8283463908,50702.1089454033,25181.2875413252
"487",160498.983543538,80471.5814007158,100796.514330133,53108.2365693994
"488",108499.595655053,55569.661220773,76190.3054922332,40294.8180980166
"489",146005.331674057,72539.0114554678,89673.6358276924,47200.3973601086
"490",59240.3699630626,25542.8027512465,32532.493726746,15520.3407942011
"491",232537.261604908,125469.700022011,166503.422289433,90793.374627795
"492",146728.944988082,66218.2766511703,72547.8898891564,36729.7298656316
"493",41216.4088784113,17483.6380267558,20086.9643421315,9522.34221877332
"494",147680.479751515,72555.6810937282,80180.7132587933,42887.3556416935
"495",101629.147307778,51405.0310357946,73037.6084459527,38041.2029458063
"496",56149.5956467789,25972.8314497132,27470.4316320946,14213.1558986633
"497",161202.38238311,82626.1048990422,97796.8037748632,52733.1086791072
"498",100875.741275672,38222.0064522704,42072.2165371279,17613.642376488
"499",199836.614068997,106231.993057635,148699.624270674,79797.2086755497
"500",163724.085851013,85037.4553705201,115215.186012865,61483.3375744638
"501",140541.682189784,72294.178906151,90607.8209542647,48492.2881871509
"502",77993.0162320104,28805.348254491,22529.7067460846,9311.21318548533
"503",145729.956560523,74632.1264228754,85582.4344006526,46453.4400427423
"504",181865.352258999,93733.1994506046,125760.615750846,66797.5584763681
"505",195564.324345681,99493.1802926874,130101.914106635,69023.3641874555
"506",96033.5184822908,48322.9293425904,67377.5158697578,35026.7180803785
"507",100406.792553391,52007.7579230281,69643.6198464441,37321.1986698647
"508",129177.099145093,65907.1818262938,86333.0210289645,45803.8707538035
"509",108795.7091948,54381.8698821476,72092.9933494491,37614.1469979323
"510",44141.5682399621,15612.3578198353,20661.0567629553,7774.27978897752
"511",96942.0666715099,45336.0420235835,59227.0270548447,29641.9884464856
"512",95003.6835059676,42889.8041906779,38025.3050279375,19933.4633544908
"513",128230.114669417,58165.2021138344,63380.8269482974,32084.2756940274
"514",134236.21539023,65758.1963604597,71476.6159658925,38090.8186056112
"515",122294.107148882,59463.4523160167,65466.1773658754,34737.736305939
"516",137022.304447988,72685.9416250318,85609.2757906481,47059.0705762433
"517",101400.325825431,48326.9269388611,57348.7262560541,29500.6643179675
"518",77348.8960171058,32448.3229881979,40127.6641915453,18609.6431144729
"519",131979.429997145,62264.7980160972,64291.3201166984,33568.6201895644
"520",115111.936377455,57368.981268624,75721.1292461167,39497.7493406381
"521",71761.5782960732,31383.8689292424,38674.8117665996,18573.1489671216
"522",103240.629417578,52893.2452848415,73977.9735657076,38836.5745972745
"523",53187.8583525509,19223.3165031519,12236.6175284815,5015.57123645438
"524",156547.914778963,78921.932113798,97682.6066314805,51981.3378942444
"525",240268.567644874,127209.113430822,169874.838712366,91599.39634158
"526",131771.496955775,58113.0510229104,73810.735447456,35585.601538969
"527",63879.6466152562,29280.6057173311,35407.6280060943,17863.3789267178
"528",173546.455899146,87626.6292737011,111695.87179967,58881.0684919477
"529",187413.42609633,98365.2672111182,136015.048146553,72620.2025206656
"530",155824.81224308,81663.5428892646,102845.569380286,55495.1614421485
"531",123380.407048266,56396.1227418334,63547.9951286341,32421.7676585141
"532",108369.267617377,49243.9371564677,53321.5948019772,27093.6765070561
"533",212242.623714164,112657.181638056,150154.042333637,81087.7607697438
"534",179948.994122532,91132.8709256718,114090.30148109,60425.6629282289
"535",176014.089575755,83240.6138675191,92806.1704258804,48358.3795953943
"536",132510.418743922,64778.7610337157,73686.127273832,38994.3655172607
"537",115363.7110832,57852.1830611743,72537.3983609114,38434.9204192774
"538",133403.459292989,65096.1009642404,64824.5488240429,35430.6509916095
"539",188849.459741806,99143.583692993,127861.999314079,68945.5717184978
"540",169231.705300104,88520.8374778434,122231.518346254,65015.6339631104
"541",107214.551792641,43601.7079082443,44035.3235058887,20439.2996290231
"542",107781.925077755,53541.1967595274,60834.0191162309,32578.5167093078
"543",185713.861865241,95578.2132841493,121731.177770797,64836.3876560258
"544",76116.1872653211,33074.6458874525,36598.829847865,17798.2311166671
"545",78194.0198280014,30273.2139065381,26921.8431116623,12264.6141732132
"546",97325.2954727549,47338.5294277702,67317.6648512007,34120.8163788101
"547",123357.372822783,62637.816246279,67161.2904996883,36769.4935875478
"548",226087.962743014,114270.31917758,146373.735257348,77423.3008851448
"549",106146.434983896,52241.3770047289,72140.0320577827,37037.9503198857
"550",134672.205368805,65462.7719930329,84260.798481458,43410.2398229812
"551",103514.820060309,44200.4792473037,50780.4971138863,24269.8309933249
"552",80662.4718470782,40641.5416292306,55326.0487318266,28957.6195883001
"553",133376.642808498,66190.6714433376,91031.6300697808,47135.7884608915
"554",162088.866388482,87323.2542315954,110992.656547481,60895.8492822241
"555",228317.647632184,121817.012706683,159390.299290858,86728.6210573609
"556",139927.745323383,73213.3784147575,99515.6240148746,53256.1755074764
"557",161291.937447976,80021.1301565188,95305.5157317023,50427.1625604474
"558",139582.421350306,71218.8353021086,90794.4674066218,48212.2303987244
"559",113196.809493503,56285.231994815,65903.6368732042,35125.2967196203
"560",64291.001565412,28228.154172753,39627.8725640611,18458.6287408136
"561",150890.830671876,76107.7243379615,97801.7760509921,51648.6230464911
"562",131504.562594204,62886.8166886518,64774.3656145762,34240.5609336807
"563",164245.705018854,82632.7841618078,93915.4438300391,50794.4433600038
"564",230638.99407736,119662.789150151,155130.102575552,83187.0951120596
"565",98983.755010177,44599.8207827395,58972.9364087264,28731.920719464
"566",174031.57775092,89436.9716046081,120407.03462192,63917.1205897593
"567",152773.115170004,81640.9822957184,103511.586592619,56386.1490259293
"568",158461.763797838,75143.331341968,90892.8602125484,46661.5794666951
"569",167430.430886685,88945.5991523929,125431.328915806,67271.5957941746
"570",258594.182355451,132944.495028662,174918.144374285,93252.6161388935
"571",74791.004862341,35054.192934899,42424.5679346022,21543.4048941507
"572",85773.2471010217,42446.8532952139,55782.6853060485,29047.8666280172
"573",170128.112590548,81752.2900652325,100085.259489228,51712.5277859419
"574",95606.9151437535,39324.2445593709,43399.5624584626,20348.8391522324
"575",72986.7347239609,35169.0692471395,42586.6016723579,22043.7716537287
"576",165616.432504152,89139.9432208312,118906.512071858,64600.0289549896
"577",135010.50409239,70140.1229688057,87925.8407458176,47465.6937517868
"578",187982.757169527,91158.5518491704,103643.799808841,54935.3688495085
"579",146583.623624,78301.6735669849,93681.7964053403,51369.6050103181
"580",169968.045944481,86277.5268000377,116576.23642383,61573.1861020404
"581",110406.151555343,56248.514198636,76941.3807343524,40401.7936923523
"582",209867.028940463,108012.704409315,138622.402224425,74033.440385847
"583",47556.2589775115,22249.7390842962,31564.2835913554,15525.1997402802
"584",137185.345670728,66435.7030205316,87263.6224243087,44957.1557682541
"585",141607.004660505,75030.7838668867,94374.0600458384,51155.4871410911
"586",148165.211784191,77382.9410151198,95922.1512666483,51749.8497309025
"587",224086.797189828,113434.760558514,147318.586386548,77673.6879247604
"588",168234.256969065,85177.7833449521,102495.0523028,54730.8546613148
"589",151932.49692881,75739.560185226,102222.768500519,53255.0066462051
"590",194339.126167043,104485.221974859,136555.420969098,74290.1671069012
"591",90137.8148872325,43862.8893168155,51230.9903437224,26885.1230308083
"592",126117.34113533,63503.8433039987,78753.5284381784,41662.516177246
"593",234259.998286248,119696.94286836,154480.091161936,82764.6389021132
"594",136168.443437201,69270.7476262296,91931.9339921293,48616.4612399784
"595",126149.330734307,61952.8588561064,68711.1224568992,36251.1352738349
"596",186709.801113207,97497.2328058855,127955.593951601,68509.3709065436
"597",173526.968223576,86510.0475128316,100667.59570068,53672.9931845164
"598",82879.7721365429,35952.7079978339,39111.8539764522,19089.526207591
"599",251094.140063172,128467.490999457,167313.118255312,89639.6019325365
"600",145350.352493797,70080.6385127575,78326.5795612837,41141.0164863464
"601",158244.78064238,83729.2171249667,103282.553596533,56326.7626763686
"602",153735.170529188,81417.135172424,117814.316631762,62775.2975940349
"603",119144.317648874,51209.8369216334,57892.5924852168,27989.8562639729
"604",135849.291150679,59464.4705740841,69500.2854757942,33927.8987066733
"605",208575.212279646,107163.501147963,131720.852771506,71212.2490623164
"606",102459.774333335,48940.2551068263,65494.5925759899,33347.7940464462
"607",160618.670026454,76748.0288581852,95457.7570710869,48916.0179258484
"608",205963.417462168,103486.486765622,123460.141882365,66523.337156047
"609",159317.429721477,77459.1791676726,95358.0178061999,49749.9202586563
"610",139422.645102723,72856.0469913898,92634.1446116787,49970.3596530086
"611",104114.122803146,48971.7610462638,60698.9038212164,30961.5254320031
"612",117338.181118661,57783.2916041109,76325.4065359701,39502.028816782
"613",78126.695824886,34739.2945216989,42943.9153667026,21054.5962880941
"614",149298.177312539,72718.0111332571,79756.7466754096,42399.9845051946
"615",137460.625694157,70015.6337142762,89394.8567830545,47438.1687277768
"616",166658.153497169,80613.6095803942,90601.8048570716,47873.2607207897
"617",123036.323937845,61958.3419130543,86289.9327160234,44803.6959449079
"618",237987.618869153,118394.305759177,147112.286183148,78540.7968979119
"619",107820.392996234,54784.8421777848,60657.0911402056,33086.2786270538
"620",190496.570468933,100243.940205274,129890.531079887,70179.0889740326
"621",93240.8480052039,48372.0432394338,61653.5969847808,33176.8862516511
"622",144050.957702229,73362.8416071887,91935.5190154982,48755.5430036154
"623",147600.29185502,72247.3953598119,86859.9476758753,45736.8683105266
"624",54765.4434969568,24172.7338735069,31672.6626117946,15163.4488026834
"625",185899.237176054,100522.088031453,130289.425430109,71209.2026617278
"626",165089.197610388,80725.5375961604,107469.37708034,55512.4646790505
"627",91198.4457295516,46453.4076017882,61680.3068643649,32498.7837030696
"628",96217.0962822319,47486.6817003391,60498.3059118582,31352.4369503992
"629",63892.9849098299,27065.2273454135,25548.281418584,12540.019270716
"630",158375.286706193,75330.5988793621,84307.4126087221,44153.037466078
"631",87506.6575566525,37430.8384337982,38656.283956684,18901.9927958967
"632",100084.872230784,47062.3866190009,66907.8141129704,33369.0353325637
"633",67597.1234635585,30732.0609103856,34372.8285665834,17240.0496217069
"634",202158.340873671,106618.021513751,138544.712366282,74851.1030908061
"635",170085.443203007,88336.3587800212,118241.175517214,62965.6615497023
"636",92049.8524210973,45591.2539101447,54575.6929901867,28613.9860834495
"637",149285.908961205,76312.2012975394,95632.9939581494,50922.6807028078
"638",172608.342235422,85089.3860286084,110117.227184767,57476.7471016343
"639",91671.2696384274,42673.0381998933,41928.3515404257,22192.1948765194
"640",234853.431425068,122025.280768001,162862.468356651,86901.2829632197
"641",188795.429592574,95024.714960948,114804.561802202,61139.276749787
"642",156249.099289904,78691.3792102496,108178.009368386,56582.3178367656
"643",101707.466664657,49081.2402844389,66849.3044760394,34156.2662536399
"644",84727.0869004494,41213.6256513872,55869.6928526448,28354.0793413543
"645",131210.496014116,66295.7376462123,72436.9998735931,39337.5386812304
"646",127413.06449306,59717.672527734,61904.4948891969,32346.4566715911
"647",183663.266043032,92546.0799444696,114003.713767108,60390.7963983024
"648",45522.7037414256,20152.6305355308,26670.3924040546,12793.5932395203
"649",163504.738465428,83040.5863577645,103220.40284465,54990.8714494198
"650",131010.837592663,69183.7190412534,86952.8070501923,47353.0629199546
"651",238305.740710625,121548.045667708,156405.863387532,83435.1267809636
"652",115108.185661267,54767.9133771851,59141.3097997545,31043.7227208052
"653",128595.589967715,65292.8832612049,77237.9485839101,41412.1811389861
"654",243001.393909036,125312.003064588,163293.188405068,87557.9706039684
"655",72315.2066440584,30775.8307369516,41603.3081111566,19189.7275267523
"656",162551.121867527,78098.5907478246,87142.0148228776,45914.9942450351
"657",166712.02589554,84227.8631829794,109346.941012864,57619.6640199664
"658",105364.201678846,53067.803364078,60797.0910208942,32549.5864887928
"659",183992.080812594,93869.8389178431,125054.403498208,66146.8393761293
"660",196301.07109229,97242.1103538203,113581.774195332,61156.5388913546
"661",193103.377989801,94860.297231556,127500.139064847,66122.2750740881
"662",145464.109599174,73335.6034364696,91282.3840375127,48485.811257309
"663",134139.050847884,62000.9001041622,72835.0705208331,36936.6794804624
"664",69571.8048067653,29481.777592522,37235.5407714088,17314.6984053973
"665",121244.339730268,61921.6807081834,80994.35570087,42929.0309281033
"666",27427.0587446586,9848.11213473672,8985.00501285289,3779.18841902016
"667",114437.127473872,60750.9916236644,77822.9653609844,41978.1918817986
"668",113293.949704067,54190.7283503098,74175.8191640079,37239.7301401249
"669",77705.4721279928,28950.9737824251,28405.4370463702,12177.1002606317
"670",129144.956070189,66158.8990916143,83370.1600617527,44351.2529401282
"671",191519.624799596,98438.0593947283,123418.973004761,66530.91511018
"672",197402.886265025,98107.4313763263,115275.235326552,62144.4521332041
"673",121603.665724641,63726.7761378017,86939.9326072457,46470.3262137991
"674",183302.125533938,94678.7211513238,117719.659588779,63656.2306397103
"675",82146.8052210422,38371.7205322536,42613.5970457295,22108.0083667081
"676",147472.793739687,69838.5122677875,74727.3995689186,38943.2561613212
"677",109324.361930153,58280.7675298425,78199.436838336,42436.5437908179
"678",99465.1941602817,48448.6648498905,66331.9263216693,33720.0783239024
"679",147224.408498946,67597.1058355125,74988.8225318378,38407.927564942
"680",101432.891679687,47820.6295036284,56002.1952267562,28806.8576266966
"681",87560.9210923327,38065.0639355127,42219.7855531328,20714.2229660218
"682",226152.149538548,117350.271161168,153667.924843164,82159.15204062
"683",92262.5289387346,48793.7264132587,63065.898604245,34224.1539707421
"684",76948.2402450105,36014.6654978347,41830.3674478934,21333.2527492419
"685",201069.471261558,104818.043886689,144626.066877829,76890.6864230902
"686",237673.91260039,121782.712073808,157883.269498112,84395.922032021
"687",163716.8283428,80622.006525724,105679.34623584,54746.6109281365
"688",141864.976819065,70254.756580113,100962.027154492,51805.7360265048
"689",106587.070922295,54901.4314206396,75437.0899390459,40010.1127167216
"690",198822.414944155,98033.1581616158,130687.686221091,67706.6816240896
"691",85673.3871433716,42765.2488490852,48999.6484215856,26079.1984731949
"692",196102.518699214,102894.923946057,132205.814775177,71166.9881151979
"693",130638.091263081,63759.325687556,83356.8214315867,43109.51666916
"694",165799.964554233,81851.0955058974,89416.5725265844,48319.3538247814
"695",217120.610399986,115167.498467021,152054.608740945,82256.2347062056
"696",120819.171648962,56710.5592054335,60872.1237749152,31458.5188403858
"697",141913.605154303,74980.9751016019,91631.0939475811,49868.0711232919
"698",153862.183603751,70630.0940495467,77581.515507763,39442.3840025698
"699",78472.854399375,37237.6261990268,51000.1836021741,25516.0675453149
"700",131841.19288781,65831.1228571491,88714.9213671524,46127.540459518
"701",112086.925750322,53687.4764297691,70995.2716830307,36158.6690035201
"702",209984.463933142,108278.346837671,141587.693929442,75559.3522431657
"703",85846.9931825304,36399.1473263759,48616.4365585487,22454.6418129163
"704",147935.092649526,68605.0766241839,71340.9761087873,37073.6563143497
"705",103957.612626794,45268.0677005477,50012.8522983474,24621.7696519291
"706",198155.310732323,103235.087132453,130410.865589319,70359.2407805867
"707",165657.312987316,86217.2922460039,123873.693225397,65575.1973588116
"708",179786.45245514,92752.3505249051,113427.516102168,61316.1167303101
"709",122889.538630424,63671.6459652723,69226.2845144019,38120.7123789132
"710",164892.402566109,82353.0671626221,109724.930201854,57133.8096284582
"711",113424.192955326,53929.726639119,63664.797166525,32831.612073248
"712",102590.994487903,47024.7581806449,55685.0410933228,27863.0658433797
"713",111957.570317355,57893.3538910753,77270.9740100995,41047.1942355367
"714",219173.795013937,115682.969328721,149874.819696084,81297.9466980474
"715",118951.465385734,61194.0947464545,81888.6358100478,43547.5651555741
"716",157399.696523949,73447.7535133369,82536.5162895732,42592.9909237672
"717",102069.583391903,46479.4720900691,54642.0500928804,27357.0870532337
"718",80275.3973933645,40611.1116585011,60547.3529284251,31252.6049626885
"719",146544.828720107,75796.2249415274,107152.894571756,56687.4341691068
"720",157227.303359506,76651.3496480831,101717.412769895,52738.7841889591
"721",64412.8683780877,23197.5650005677,18587.8616505127,7541.81085787849
"722",118309.818356898,57311.3880942781,64417.8560584974,33843.0543669724
"723",82152.8642721672,35092.7346044141,37026.2972063058,18069.082289192
"724",148314.576083479,77219.7344523633,94755.842661993,51106.3756421056
"725",123422.102558433,56706.5340505466,66249.0322064318,33660.6204778913
"726",154639.995269986,81929.0971575399,115170.409912465,61638.5034180306
"727",135343.817359351,69672.9213178351,78915.0783993353,43147.5820069613
"728",88820.1820562351,42181.5765909841,49100.7541692799,25323.7389134888
"729",188658.76532274,96112.0193486046,114079.382497295,62060.8969184533
"730",147271.521035816,72861.7954207719,88082.390994522,46522.5679113029
"731",234282.220625597,122519.70212275,160783.189810216,86862.4979439992
"732",189574.019897662,98928.6909999492,137160.553324704,72943.0309316754
"733",179069.682508343,87102.4928367026,103421.058545236,54228.9936449584
"734",169637.774475463,90582.4954504101,122533.753147126,66380.0361455271
"735",116230.557208218,55435.6691378354,60298.4346186091,31680.3549199203
"736",228409.154721208,119835.747145088,156480.301516742,84421.3510452421
"737",115098.739487348,50478.157451855,49918.2559704906,24793.9543033425
"738",102374.877887871,49310.2430765221,69559.9075046755,35174.7415356778
"739",128881.362686661,66695.3244483964,80253.9245966386,43378.2054888768
"740",107568.984940063,50660.8182457349,54588.2435642108,28437.7253354577
"741",245153.923622085,122239.599783577,153138.578085337,81361.0163132116
"742",115136.886432411,56944.1962431354,68679.5175079038,36252.4654220957
"743",130388.205550329,65102.2666370549,85227.2920067678,44547.5009803385
"744",168298.804011348,83821.5936816664,102851.578583936,54237.707345297
"745",129742.288481487,66724.8662800686,87041.5451816739,46115.9419841324
"746",191593.580220383,98844.980634977,131419.458367485,69989.2669503443
"747",163128.730439845,82715.3479101468,113135.171022232,59283.2115191034
"748",154526.950448291,77031.8948463929,104885.222728024,54464.1139813832
"749",131857.196617615,60727.3679914117,70978.6617872655,36076.0183271804
"750",81574.2724384656,35265.2115388504,49059.7000898103,22958.4270435707
"751",222910.881958568,117911.301670473,160277.651286604,86091.9199616859
"752",147546.4641346,78061.9419645593,105675.782084867,56573.2015985421
"753",235158.686349517,121312.837783497,156338.176331649,84341.1987142866
"754",98975.6056523537,51061.7547204157,67409.3544312838,35915.9801428779
"755",215584.490828041,107752.121736823,132881.978419022,70713.0502029368
"756",109122.180041429,53618.2717457492,59193.2766204116,31323.9983614682
"757",163631.297812741,78768.220273463,94717.1985219727,49284.2024471011
"758",211283.751075486,108601.955786764,136457.566056258,73736.3065014997
"759",211299.441983777,107748.750373484,129240.616556153,70339.2955637212
"760",196956.294544028,99120.5076782308,130902.444346234,68717.2564735178
"761",152682.344378871,78556.9876492847,112420.808303599,59104.0531197814
"762",169323.932605936,86477.8977002929,105894.570549772,56879.5926687282
"763",80994.7075381465,38254.879939259,46748.2336202175,23778.6607858298
"764",135349.312616131,67944.167098335,89011.0365564871,46653.9837023732
"765",139777.44669002,68761.5270182751,82931.3479040088,43672.9638888043
"766",134689.996926381,65402.1147183522,93419.3680349851,47397.5595925269
"767",126919.871604364,66019.3964068197,84897.1813059881,45722.5352405341
"768",88885.9661083588,43298.505769997,49198.9404667979,25985.813653747
"769",154674.762754052,81488.1339094223,112027.726995433,60053.9875152273
"770",126166.780980616,66141.4982771646,93336.111635654,49815.8227369344
"771",111905.383243316,52550.5063036845,55058.3314045742,28862.6594068674
"772",137243.334738489,63921.0710682353,74935.4658399733,38276.7552874268
"773",121520.590474715,56764.4790280462,60365.1563222701,31520.6437533445
"774",158303.234859328,73464.8835040183,78456.8942534457,40432.2623375891
"775",113744.657660944,60174.9816830578,74628.6754263815,40351.6641021375
"776",160822.128066135,80263.6202838972,95261.8362496207,50697.2204880896
"777",182126.562993488,94621.4103683981,123422.933009004,65985.2776983629
"778",103009.526428771,46415.5634217131,58026.825749366,28487.6994403682
"779",144232.419643645,71480.4496926633,84429.548133938,44633.366885978
"780",118321.605996915,56765.8508676967,71868.5519650965,36920.7391243987
"781",110088.94501591,52576.222113025,60872.2619063886,31509.9972258343
"782",108403.014266153,54667.0373195093,70688.740579239,37368.8950775908
"783",125376.887614351,64914.3015139504,76142.1697063792,41472.6656007322
"784",125843.10229782,66064.9802964796,86288.8454272225,46439.3238398112
"785",155268.407633602,82913.640021631,116164.276111924,62471.5172005478
"786",155232.304412316,79513.5414914406,104037.187700661,55064.7147586226
"787",188378.158147862,94652.3477784433,123050.8756819,64668.3971733468
"788",97618.8098977993,49055.4986378544,60244.0033172734,32066.5684527341
"789",173949.224668322,90235.9315956925,114651.590520876,61599.9369031243
"790",126157.456400591,61447.3763191034,56710.6418070101,31621.5496087386
"791",152434.32905893,75011.5837007317,85131.4087116197,45215.7026343166
"792",189280.816864198,97237.6631589813,123540.282092809,65977.2882162277
"793",90079.0384193388,44918.2802664575,55069.4710254766,29193.9571798311
"794",185018.505312533,97315.5460793724,130236.434614988,70110.233294123
"795",249203.883836661,127760.957240173,166752.250186468,89134.1359127538
"796",126532.115907982,57776.1720846216,70940.8148946235,35273.9753915354
"797",122639.310824722,59677.4161613248,77413.6494175912,40103.4224450753
"798",155803.378859251,82441.6648002056,105656.419993337,57147.8002284731
"799",181296.68612562,95748.1040870099,119094.10474489,64726.1417474077
"800",143315.80480882,71600.7472089813,87749.255282288,46252.2333978486
"801",238609.332205096,124963.310401018,164842.268828256,88858.3622631694
"802",186845.134686361,98162.7745366237,129983.023421311,69810.8606074927
"803",226186.548562369,119849.527890425,157558.886290359,85339.2828927754
"804",88381.6382730759,39966.7204353192,36019.3784791163,18637.405042184
"805",196730.93804836,98720.5152844809,116292.383606247,62951.0975157954
"806",226618.787064625,121130.753692318,165858.378501478,89474.207448906
"807",148508.878132587,76880.0758343727,96231.9312620591,51408.6885628593
"808",155573.396350094,83645.3720423675,101382.018649857,55940.2860249649
"809",83950.7042741581,37048.2104027073,42533.5680911103,21115.0344374693
"810",164214.117609099,83312.1567522087,95469.7853008958,51827.1945628727
"811",115609.288636279,58339.1805382547,78700.5973074596,41186.5802178709
"812",103902.427179711,43022.183846325,43267.00029317,20639.9018176645
"813",129332.06787311,62132.0272459706,71503.7540499711,37321.8012618393
"814",173711.054894815,85924.7914391603,111947.56364933,58426.4795277004
"815",197961.066659345,102007.744534876,127881.319515091,68674.6649031678
"816",136205.604002754,66794.8076169739,84720.0209027242,44078.5994130179
"817",105304.28227004,45627.4109785976,43373.0187353398,21622.8409964405
"818",64361.7021681425,26254.1067065359,31325.9889276422,14399.1146640709
"819",238107.382814845,123117.591683623,161680.642410025,86814.9973332387
"820",69579.7568276218,30683.7757798798,38446.6777388984,18404.7711490781
"821",118141.329909941,52464.7137990758,49763.5459176783,25368.8757364757
"822",94148.1917085738,42524.2748541633,47614.69469119,23958.8831538863
"823",188535.508788293,98373.6334290144,121594.059892519,66095.5130531595
"824",105157.743104094,45108.724899049,53334.7173519591,25250.7964993194
"825",144297.156862221,70913.9729228479,75477.1160486118,40889.6854337748
"826",208321.950915891,106325.661772552,138688.174607838,73314.7563945881
"827",122278.609765753,54222.4322554535,50411.5346448886,25336.831922739
"828",230484.46906906,121474.10847881,162472.634390338,87194.7163357313
"829",121645.31098456,58803.0668891556,71446.737064205,36935.7190108566
"830",217768.224597497,114494.720327026,148796.303992453,80483.0039165188
"831",256834.947894951,132668.87233298,173842.163497855,93200.3086711255
"832",149336.843723971,74161.7023320403,95245.8104756632,49846.3960853391
"833",134227.540746479,68613.8639394002,91421.4213537199,48366.3432033258
"834",84836.6457350745,38436.358832999,45895.4473522365,22910.1421395072
"835",159740.733990851,79491.7738011623,108351.241155474,56202.1710267259
"836",158116.902282054,82474.6003717098,116405.416864668,61812.4102435097
"837",173109.330396687,90629.9600510056,120082.618593527,64188.841606139
"838",144560.107967682,72201.8126553215,96859.336132596,50447.9112119658
"839",191571.619936973,101163.664092593,129578.92010721,70170.0419124456
"840",165167.140420405,80146.6284904293,99183.5221865512,51682.9064838169
"841",227774.501110589,121932.472376635,162953.344153359,88206.0862052541
"842",80928.2431151687,34769.4462782795,39195.2545521628,18996.3641739137
"843",220854.34878703,116321.039450293,156474.573849079,84066.0826435107
"844",98829.1562479486,45409.1803262475,54896.0366122137,27412.8342763757
"845",127274.94520389,62405.0946346216,84020.930361435,43303.6672679926
"846",134237.381507941,59849.2948159639,57536.4931199169,28784.063972584
"847",84090.2335482727,36325.5253068215,49471.1055729072,23319.9545740433
"848",112828.947625491,54807.5427161201,67650.0160085101,35089.6727853384
"849",143630.252892627,73589.6334222739,103987.605921502,54722.7532311284
"850",217997.469631088,115089.505332243,153499.596540196,82554.5654047955
"851",130390.396890321,68623.1972867334,93437.6987834193,50094.3716575045
"852",243085.799656373,127973.219944867,170754.082234982,91671.4563526506
"853",134249.936660961,64545.9306517684,77393.7668120916,40037.4350464945
"854",156043.788600364,80838.4830823036,101587.352734869,54720.4253450797
"855",60097.0586153613,23442.4605063852,27117.3738467486,12006.8878072226
"856",216584.886480097,111188.289243243,138251.799338513,74627.0193830751
"857",182963.81265238,88642.5652290486,100432.037636374,53697.4745951182
"858",158201.49696633,80013.4139916344,107580.310076649,56562.1869825383
"859",134478.638130528,64929.748734089,84645.6490438708,43532.2622955747
"860",179755.979379542,94058.4662267406,134553.361792714,71433.8394301309
"861",104437.483422045,52362.6375812439,71019.0318717318,37016.4007131221
"862",151607.281135062,77295.4572561565,109100.782201757,57070.6752439872
"863",100567.271196379,48823.5963079233,56572.7229253149,29582.638404548
"864",88970.7877016186,43952.1391036151,53855.1831280487,28440.5917703247
"865",77621.9739865691,34075.0670858639,32526.6775512683,16413.8393814291
"866",109079.979769475,50016.6135252788,58109.6193454581,29554.193050604
"867",91058.072318441,43506.4120344595,53751.5594153244,27722.6424133785
"868",194721.114947688,99567.9239989158,126347.366397478,67474.2380860307
"869",119344.346577917,56668.8029127983,72518.3181143917,36890.6513690527
"870",239530.765404306,121965.405942279,157438.379487413,84509.6162979136
"871",128141.340194714,63017.143743956,76946.9493190309,40352.4279176595
"872",127188.061196847,64856.0289161682,75387.4450154852,40792.8692122609
"873",73701.0821894477,31111.2461581874,39766.8378811106,18227.6100124618
"874",148266.948117153,75187.4627334272,94031.9325076139,49996.0724358693
"875",149250.836807993,68725.8557168565,72021.0847191985,36726.0906604026
"876",157154.797376367,74640.9443720772,80453.5187790843,42163.7401705682
"877",220810.716010616,112681.022868121,143984.90360177,76868.2716259573
"878",76348.8112993864,36129.2580129969,45426.7176227556,22977.4450937007
"879",168985.824323282,84198.7247759929,106467.178495111,56009.650296699
"880",147524.310897904,74302.4468289722,103416.364028641,53859.8678064023
"881",114402.091237143,54347.2547969887,68679.7873983909,35037.7477495241
"882",103295.785276572,53128.5091056731,68212.8339605445,36357.7489660514
"883",196707.258533676,104306.352418223,140592.742173808,75843.8275265688
"884",76323.6378117873,32356.7503274464,32809.306149883,15858.3090195447
"885",197246.447444321,101156.478748245,127299.401132097,68132.7718778065
"886",132826.785056181,62538.207816256,61281.3576568755,32813.3201435231
"887",98686.3004423469,44974.3789799638,51310.168681194,25766.3047864991
"888",77533.3559162018,37535.9794424296,48417.3477511,24910.211547877
"889",117592.289760838,58905.4728144914,69965.985073963,37230.4893682338
"890",172451.372498065,82616.5417043553,95118.1930088795,49667.4770871949
"891",130262.340580679,64860.403353751,74659.7040034839,39797.6615365276
"892",105685.141980772,50509.5485434656,53263.3551533442,28056.8729169942
"893",167114.203085837,86661.3592364902,116779.925349343,62199.6467324077
"894",142570.503990915,70240.3971111231,78491.4940429183,41770.4608686999
"895",161408.69330014,81811.6372335384,100813.719310437,53597.7062848754
"896",172602.625644044,89684.28629879,123136.30096275,65580.3576975956
"897",213264.595122875,112271.377039884,146138.251428183,78980.6800949295
"898",240433.353267561,124790.233614453,164528.663179698,88348.0520241297
"899",95322.6165466109,48678.05325701,69563.670593752,36290.6316638577
"900",237430.629295124,121737.998954775,156814.301293003,83939.2995264238
"901",42573.2188410145,17016.8399123851,20909.4736096697,9218.013058694
"902",119232.746422631,50965.0331192281,44796.0888925816,21621.0490593159
"903",100805.066477122,50651.3044985348,59652.2662805727,31694.7290040378
"904",196412.595131703,102694.61241055,139881.264562881,74625.2244400115
"905",82252.2341438821,39134.6636080487,41463.3896771289,21962.8901909261
"906",157565.347239315,81862.617008235,103610.324932146,55756.2712753098
"907",177332.803731328,87708.3148142555,103616.547861836,54992.8600072233
"908",177824.071664943,91958.9670363887,115218.549973331,62016.3311018917
"909",188587.893125107,100888.47095932,135618.098243545,73472.7010902968
"910",126019.226172433,66044.990804239,86536.3882000416,46492.3972935811
"911",165028.868259741,84778.2609644053,116788.893411614,61769.686750634
"912",140455.800714585,67755.838318939,81259.1467003794,42092.11213411
"913",112843.666926443,51690.836735887,55035.7391318364,28093.6486454119
"914",187782.104182174,95906.2541311601,120909.111929963,64670.2530202116
"915",183381.021785383,99638.7183602032,135130.979225343,73777.4603076407
"916",200139.165096461,101875.630194792,126027.698314265,67535.1610519878
"917",40416.7792288469,15635.7313998605,19373.6502648151,8246.71834052327
"918",185672.783662078,99337.3807474546,126481.236543969,69088.7750100891
"919",172974.98040966,89224.918538042,113441.855046619,60731.2789816144
"920",87107.1130418251,40468.0823544226,56667.1297365937,27907.6102093135
"921",101799.989703606,50516.3875543073,57386.8947931888,30588.6307889366
"922",103236.389142812,46383.3486545257,46517.4475100348,23566.3217367337
"923",219672.026532234,117482.084431942,158434.976329549,85836.4947088771
"924",245426.701236181,127961.713982753,168977.494978066,91080.2723349895
"925",224429.170039621,119986.639688567,160459.535025969,86741.1876407928
"926",79580.2273229763,32360.7620938389,36594.665743168,16889.0941702051
"927",148412.996021211,74277.4142768163,97309.4738170327,50766.8836321611
"928",215658.336138997,109438.213069227,137959.935070686,73600.9015810454
"929",164598.875641851,81886.0262094495,96871.297002929,51442.2309172247
"930",161453.354736821,82493.0057414211,111017.808986057,58749.3363647812
"931",140782.855109225,65294.513662351,66463.8838215636,34784.987487482
"932",114411.453349381,52107.9105475481,65975.0480242916,32617.0455859613
"933",130983.461779088,64030.4605828002,81414.4882115963,42204.2948376807
"934",140561.592348032,65559.6980030099,74933.8609136594,38492.0485946811
"935",97230.126488097,48428.2797120065,58546.5956157,31080.9840111122
"936",190639.883694055,94717.3640205379,110892.680819981,59338.4116977378
"937",145800.48795694,70129.0772841786,83980.3331053428,43872.8191172234
"938",135467.224473132,72412.9484790716,92291.5676170281,50218.0745452511
"939",112607.765840409,57804.881592892,69749.901327489,37387.9412959314
"940",99121.4253961097,46562.6110584048,56903.7410090387,28989.7182233313
"941",78894.1963115047,31497.4492747077,37323.3836193489,16782.899544559
"942",172721.943176226,85606.8018307883,100773.211507733,53411.8436030318
"943",107194.715100364,55467.1331444383,72742.0442012922,38846.6644547341
"944",187231.880597455,95828.932087292,123011.652149424,65504.7482823853
"945",221438.136043927,116254.887999584,151860.83183659,81817.2127502542
"946",100778.74270771,47051.9919592904,57858.0635203734,29465.097853354
"947",129019.916884252,66576.8686634213,75589.9948024991,41058.0593503967
"948",244819.16464721,127745.191997144,169262.880898383,90867.7860301725
"949",123600.772577884,59487.8895123239,72320.79626684,37464.3803487699
"950",72263.9946624555,32879.5338629887,40043.3884726747,19923.2107540439
"951",221943.505368349,113687.490030803,153185.954461158,81018.9443302447
"952",195972.343977664,102126.84772654,129798.562992271,69943.265462154
"953",227393.250719008,114957.065580152,150755.930520445,79576.6634662266
"954",110258.174526802,54438.8065931885,66805.5808393543,35114.606297967
"955",153088.17873194,75465.159753791,87551.5688171688,46371.9900082334
"956",49088.3813521786,20438.4027285116,24032.8161728961,11158.6234033483
"957",154209.08640001,74362.6151596839,89244.5257930426,46687.9139096906
"958",175421.210157924,88562.010134317,106981.075914547,57110.7770955429
"959",135803.932190027,67717.129840362,82707.804321591,43643.4826763838
"960",226032.987939174,117534.352058488,152615.016502024,81891.9540369874
"961",155336.655022054,81133.3901540341,104327.225617454,56187.9338923745
"962",206446.979763887,104581.603841881,125687.426481174,67860.7853605639
"963",202689.878298573,105055.030540196,133919.226473682,71892.8129778707
"964",205530.277104714,109374.42994676,148573.351097843,79915.1078575966
"965",146533.590239551,76139.5408424292,90408.6287538619,49060.3280413586
"966",115619.716594883,52708.5079948889,57441.1509554593,28998.960996538
"967",72700.370532966,31414.0027483957,34553.6465837892,16821.9692060063
"968",202158.8145943,105117.286080281,131421.165992679,71082.8387187941
"969",126696.202897064,64559.3651266428,86705.3919088542,45883.2622098692
"970",154310.707589899,78034.7254847502,103220.040051985,54405.0266660385
"971",137062.142021607,66491.6938799532,69692.4596859923,37138.5288755387
"972",139417.405894668,69993.9115999924,85652.4283209001,45587.2849996822
"973",110983.201660203,48947.7580381889,58607.3542401966,28634.4862370875
"974",208638.066501824,108160.340033547,135645.53713364,73284.9707259093
"975",229657.941578679,118344.804532847,158551.837972888,84161.6347260986
"976",100918.716554876,49147.1573354454,62357.9981328257,32310.1289400583
"977",86027.5403795327,34138.3128836244,39821.7231141421,17805.093047393
"978",89539.0903406056,43420.1767815586,48515.5461774386,25860.3652870995
"979",75529.3885170826,27896.3160879873,27909.5671423734,11916.6086668004
"980",158579.016380515,75134.5195672945,78918.540473372,41593.4418331604
"981",104179.916280735,48032.1352785794,56173.5602492278,28441.4667930487
"982",172572.269696504,90623.6508970125,121861.040438886,65308.5312521187
"983",114264.227509811,57094.3546518899,68743.0873598965,36372.0745752446
"984",184502.827153168,89057.2498963396,100980.90072334,53841.0507546742
"985",80652.1417522797,38619.793559161,49950.5025930627,25412.4218282397
"986",122195.851728452,53916.3025356186,60018.4696011661,29872.0367072148
"987",23810.5610938068,9154.5184404909,10815.4898415719,4364.61706405635
"988",90182.0358635632,39307.897456331,42414.6059593573,20986.0584852295
"989",134594.444448799,62592.744938312,62372.6466389841,32533.2534056655
"990",189683.093646935,96327.8673988131,125286.896528493,66279.1950769434
"991",247302.261573106,127722.006407744,168324.674564386,90088.6187318824
"992",138662.630348864,67906.3677628772,80808.0867567235,42381.6989005652
"993",88706.297954387,41441.3088743167,48033.0815551173,24589.5758752104
"994",178438.287814132,93846.1409736892,120353.109857271,64928.1375417459
"995",158707.902610448,81968.8105332692,107971.218430038,57516.5306409907
"996",179417.673881604,86354.2854230834,111985.265862486,57266.7391744817
"997",109110.837001922,56372.0961165574,76653.6240203782,40586.5755785861
"998",95199.2656370214,47528.990687776,72385.5708570693,36831.7407613909
"999",217123.872798853,116786.930010675,161007.025227817,87146.9513722944
"1000",176560.288380279,88390.2222433468,103386.383447563,55294.5775791804
