"","Elevation","CanopyHeight","Ruggedness","ForestCover","ForestLoss","SiteTransect","ForestLossProp","Species"
"1",1162.92737430168,20.9014084507042,25.5059855956605,179,0,"Ambavala_1",0,"Microcebus_lehilahytsara"
"2",1112.84920634921,22.4935897435897,26.7528803651295,128,0,"Ambavala_2",0,"Microcebus_lehilahytsara"
"3",1070.20394736842,22.8670212765957,21.9641289083581,154,2,"Ambavala_3",0.012987012987013,"Microcebus_lehilahytsara"
"4",1195.05072463768,25.8531073446328,23.6927102268606,142,0,"Ambodihasina_1",0,"Microcebus_lehilahytsara"
"5",1190.12578616352,25.4690721649485,22.1632715621084,162,0,"Ambodihasina_2",0,"Microcebus_lehilahytsara"
"6",1097.65151515152,23.8101265822785,24.1698848478722,130,2,"Ambodihasina_3",0.0153846153846154,"Microcebus_lehilahytsara"
"7",1129.78333333333,22.0755555555556,34.9099278979831,180,0,"Ambodimandresy_1",0,"Microcebus_lehilahytsara"
"8",1091.3904109589,22.8659217877095,40.1864630555453,146,0,"Ambodimandresy_2",0,"Microcebus_lehilahytsara"
"9",1061.37777777778,24.9955947136564,29.2753374523587,182,0,"Ambodimandresy_3",0,"Microcebus_lehilahytsara"
"10",1163.42929292929,24.092050209205,34.7205917281334,201,7,"Ambodivoara_1",0.0348258706467662,"Microcebus_lehilahytsara"
"11",1126.02424242424,24.27,41.053086234584,168,0,"Ambodivoara_2",0,"Microcebus_lehilahytsara"
"12",1157.77319587629,25.831223628692,31.7483194562578,195,5,"Ambodivoara_3",0.0256410256410256,"Microcebus_lehilahytsara"
"13",1127.95833333333,22.0775862068966,34.3493218918642,196,11,"Ambodivoara_4",0.0561224489795918,"Microcebus_lehilahytsara"
"14",1050.74576271186,24.6551724137931,32.7426745325832,116,0,"Ambodivoara_5",0,"Microcebus_lehilahytsara"
"15",1083.53703703704,18.4503816793893,23.4824887602418,108,0,"AmbodivohitraKobahina_1",0,"Microcebus_lehilahytsara"
"16",1122.62411347518,23.6590909090909,24.4886153234658,144,0,"AmbodivohitraKobahina_2",0,"Microcebus_lehilahytsara"
"17",1076.375,23.5368421052632,18.9968769581694,158,0,"AmbodivohitraKobahina_3",0,"Microcebus_lehilahytsara"
"18",1162.59047619048,20.6023166023166,21.9852589448293,216,1,"Androfiabe_1",0.00462962962962963,"Microcebus_lehilahytsara"
"19",1162.1935483871,20.7228464419476,20.053611944348,219,0,"Androfiabe_2",0,"Microcebus_lehilahytsara"
"20",1078.63106796116,22.4377510040161,26.8516944450082,205,0,"Androfiabe_3",0,"Microcebus_lehilahytsara"
"21",1191.91176470588,23.7030303030303,32.2136972581639,135,0,"Antanambe_1",0,"Microcebus_lehilahytsara"
"22",1114.34319526627,24.6507177033493,25.9472138458455,162,2,"Antanambe_2",0.0123456790123457,"Microcebus_lehilahytsara"
"23",1146.66341463415,21.6640625,33.9116025505996,210,4,"Antanambe_3",0.019047619047619,"Microcebus_lehilahytsara"
"24",1237.96153846154,21.36875,29.1771003136268,118,0,"Befamatra_1",0,"Microcebus_lehilahytsara"
"25",1231.87128712871,27,33.0448133827436,101,0,"Befamatra_2",0,"Microcebus_lehilahytsara"
"26",1401.73786407767,24.5692307692308,29.1837664946769,105,0,"Befamatra_3",0,"Microcebus_lehilahytsara"
"27",976.718309859155,21.5862068965517,29.88221633938,139,0,"Betaolana_1",0,"Microcebus_lehilahytsara"
"28",1158.59398496241,20.8787878787879,36.6418761489983,138,4,"Betaolana_2",0.0289855072463768,"Microcebus_lehilahytsara"
"29",1079.02617801047,25.1383928571429,24.618576371857,190,0,"Betaolana_3",0,"Microcebus_lehilahytsara"
"30",1135.6734006734,22.2241847826087,25.4047312024065,1203,0,"Ambavala_1",0,"Propithecus_candidus"
"31",1120.47770700637,21.5059931506849,24.1216379201589,951,7,"Ambavala_2",0.00736067297581493,"Propithecus_candidus"
"32",1082.35216572505,21.4167300380228,22.342545710041,1043,40,"Ambavala_3",0.0383509108341323,"Propithecus_candidus"
"33",1185.1427184466,25.0967741935484,22.8911791926449,1036,10,"Ambodihasina_1",0.00965250965250965,"Propithecus_candidus"
"34",1191.7393715342,25.2114668652271,23.1161453512372,1095,2,"Ambodihasina_2",0.00182648401826484,"Propithecus_candidus"
"35",1106.15408479835,23.9715242881072,23.1280740399642,960,27,"Ambodihasina_3",0.028125,"Propithecus_candidus"
"36",1131.55419722901,21.4781746031746,35.6145621690696,1240,7,"Ambodimandresy_1",0.00564516129032258,"Propithecus_candidus"
"37",1075.31291866029,24.1045701006971,37.321420200932,1057,7,"Ambodimandresy_2",0.00662251655629139,"Propithecus_candidus"
"38",1099.17715231788,23.8013377926421,37.7947986481205,1222,3,"Ambodimandresy_3",0.00245499181669394,"Propithecus_candidus"
"39",1167.71730300569,24.3189259986902,36.5753677973991,1247,25,"Ambodivoara_1",0.0200481154771451,"Propithecus_candidus"
"40",1118.38395415473,23.1667953667954,37.7736728767498,1062,35,"Ambodivoara_2",0.0329566854990584,"Propithecus_candidus"
"41",1148.73801369863,24.8002773925104,32.5050751305606,1182,26,"Ambodivoara_3",0.0219966159052453,"Propithecus_candidus"
"42",1126.28975853455,23.5114093959732,33.3748194375304,1220,34,"Ambodivoara_4",0.0278688524590164,"Propithecus_candidus"
"43",1086.66741321389,23.7170154686079,36.6019938902519,899,20,"Ambodivoara_5",0.0222469410456062,"Propithecus_candidus"
"44",1087.08432304038,21.9146110056926,23.5546701566057,864,0,"AmbodivohitraKobahina_1",0,"Propithecus_candidus"
"45",1121.67988107037,22.7195512820513,22.6064707266446,1014,0,"AmbodivohitraKobahina_2",0,"Propithecus_candidus"
"46",1079.53358925144,21.5975135975136,21.2662751551096,1023,18,"AmbodivohitraKobahina_3",0.0175953079178886,"Propithecus_candidus"
"47",1143.46687451286,22.0644753476612,22.296053372039,1304,2,"Androfiabe_1",0.00153374233128834,"Propithecus_candidus"
"48",1138.71590909091,22.1624615384615,22.6699329257012,1334,2,"Androfiabe_2",0.00149925037481259,"Propithecus_candidus"
"49",1052.20939818632,20.8796296296296,27.4085153027792,1218,62,"Androfiabe_3",0.0509031198686371,"Propithecus_candidus"
"50",1185.0720164609,22.90357439734,31.7892254465892,992,13,"Antanambe_1",0.0131048387096774,"Propithecus_candidus"
"51",1103.05550581916,22.7365010799136,27.1590108566233,1121,34,"Antanambe_2",0.0303300624442462,"Propithecus_candidus"
"52",1150.82072005878,21.3359188544153,33.4877660539026,1334,37,"Antanambe_3",0.027736131934033,"Propithecus_candidus"
"53",1225.07426778243,20.9602032176122,31.9737740765057,871,48,"Befamatra_1",0.0551090700344432,"Propithecus_candidus"
"54",1224.31428571429,23.2698259187621,34.4227724126407,800,33,"Befamatra_2",0.04125,"Propithecus_candidus"
"55",1399.89695550351,23.3645038167939,31.788055438906,848,13,"Befamatra_3",0.0153301886792453,"Propithecus_candidus"
"56",947.054945054945,16.5684210526316,29.7064615625006,766,47,"Betaolana_1",0.0613577023498695,"Propithecus_candidus"
"57",1102.40040444894,23.045643153527,32.750079304914,993,47,"Betaolana_2",0.0473313192346425,"Propithecus_candidus"
"58",1076.87785016287,23.2108393919365,28.7118805363435,1246,40,"Betaolana_3",0.0321027287319422,"Propithecus_candidus"
"59",1158.94137931034,21.1340782122905,25.2165570341308,293,0,"Ambavala_1",0,"Hapalemur_occidentalis"
"60",1111.05213270142,22.2730769230769,26.0508939259425,212,0,"Ambavala_2",0,"Hapalemur_occidentalis"
"61",1070.48638132296,22.6666666666667,22.6237463876895,251,4,"Ambavala_3",0.0159362549800797,"Hapalemur_occidentalis"
"62",1191.57692307692,26.0307167235495,23.2345874207652,242,1,"Ambodihasina_1",0.00413223140495868,"Hapalemur_occidentalis"
"63",1189.36964980545,25.2981366459627,22.3792301318989,266,0,"Ambodihasina_2",0,"Hapalemur_occidentalis"
"64",1097.11711711712,23.1948529411765,24.2870354437613,221,8,"Ambodihasina_3",0.0361990950226244,"Hapalemur_occidentalis"
"65",1128.69508196721,21.9972752043597,35.5540475657729,302,0,"Ambodimandresy_1",0,"Hapalemur_occidentalis"
"66",1087.5081300813,22.8712871287129,40.5884955879149,245,0,"Ambodimandresy_2",0,"Hapalemur_occidentalis"
"67",1063.8093645485,24.8378378378378,31.390163329134,306,0,"Ambodimandresy_3",0,"Hapalemur_occidentalis"
"68",1157.48113207547,23.5780051150895,35.0357190617975,317,9,"Ambodivoara_1",0.028391167192429,"Hapalemur_occidentalis"
"69",1123.44827586207,23.9783950617284,41.9385240269804,270,1,"Ambodivoara_2",0.0037037037037037,"Hapalemur_occidentalis"
"70",1151.73355263158,25.472,31.2472093215114,309,10,"Ambodivoara_3",0.0323624595469256,"Hapalemur_occidentalis"
"71",1124.27922077922,22.561170212766,34.9350566105409,311,12,"Ambodivoara_4",0.0385852090032154,"Hapalemur_occidentalis"
"72",1055.8391959799,24.9233870967742,33.7376006260589,203,0,"Ambodivoara_5",0,"Hapalemur_occidentalis"
"73",1084.56111111111,19.5112107623318,23.8354125367271,185,0,"AmbodivohitraKobahina_1",0,"Hapalemur_occidentalis"
"74",1122.38818565401,23.515570934256,25.1527665556735,236,0,"AmbodivohitraKobahina_2",0,"Hapalemur_occidentalis"
"75",1077.04,23.1585760517799,19.4031114578247,256,0,"AmbodivohitraKobahina_3",0,"Hapalemur_occidentalis"
"76",1159.80966767372,20.8588516746411,22.3955347674851,340,2,"Androfiabe_1",0.00588235294117647,"Hapalemur_occidentalis"
"77",1159.25806451613,20.8135198135198,21.4589453246936,349,2,"Androfiabe_2",0.00573065902578797,"Hapalemur_occidentalis"
"78",1073.76489028213,22.4723618090452,26.6849641471074,324,1,"Androfiabe_3",0.00308641975308642,"Hapalemur_occidentalis"
"79",1191.23423423423,23.5724637681159,31.8097791929503,226,2,"Antanambe_1",0.00884955752212389,"Hapalemur_occidentalis"
"80",1110.50740740741,23.8994082840237,26.1433965161995,279,2,"Antanambe_2",0.00716845878136201,"Hapalemur_occidentalis"
"81",1142.00292397661,20.9527186761229,33.86139691364,339,9,"Antanambe_3",0.0265486725663717,"Hapalemur_occidentalis"
"82",1234.78403755869,20.3448275862069,30.3388783047457,183,1,"Befamatra_1",0.00546448087431694,"Hapalemur_occidentalis"
"83",1229.68156424581,26.2045454545455,33.7681615179477,178,0,"Befamatra_2",0,"Hapalemur_occidentalis"
"84",1400.86338797814,24.0769230769231,30.6077116356521,184,0,"Befamatra_3",0,"Hapalemur_occidentalis"
"85",972.703862660944,21.3055555555556,29.374173770135,232,0,"Betaolana_1",0,"Hapalemur_occidentalis"
"86",1146.64,21.0425531914894,37.4332297176785,226,7,"Betaolana_2",0.0309734513274336,"Hapalemur_occidentalis"
"87",1080.41883116883,24.4417989417989,25.760356677043,305,1,"Betaolana_3",0.00327868852459016,"Hapalemur_occidentalis"
"88",1154.70675105485,21.5897435897436,25.5523190226736,484,0,"Ambavala_1",0,"Allocebus_trichotis"
"89",1111.70621468927,22.1563218390805,26.6223009723728,360,0,"Ambavala_2",0,"Allocebus_trichotis"
"90",1074.54523809524,22.0354330708661,23.223863140742,411,6,"Ambavala_3",0.0145985401459854,"Allocebus_trichotis"
"91",1188.19849246231,25.7218813905931,23.3232834902241,401,3,"Ambodihasina_1",0.00748129675810474,"Allocebus_trichotis"
"92",1189.37882352941,25.2314990512334,22.8310923733431,429,0,"Ambodihasina_2",0,"Allocebus_trichotis"
"93",1097.50819672131,23.6263736263736,23.6418144572628,365,12,"Ambodihasina_3",0.0328767123287671,"Allocebus_trichotis"
"94",1126.34343434343,21.7918032786885,35.6587672570739,498,1,"Ambodimandresy_1",0.00200803212851406,"Allocebus_trichotis"
"95",1081.63703703704,23.0401606425703,39.3481893374596,408,4,"Ambodimandresy_2",0.00980392156862745,"Allocebus_trichotis"
"96",1068.82546201232,24.7296849087894,33.4001893350965,498,0,"Ambodimandresy_3",0,"Allocebus_trichotis"
"97",1157.37843137255,23.7964743589744,35.8285385075738,511,17,"Ambodivoara_1",0.0332681017612524,"Allocebus_trichotis"
"98",1118.15439429929,23.5,40.6770704421182,431,10,"Ambodivoara_2",0.0232018561484919,"Allocebus_trichotis"
"99",1147.033126294,24.7731092436975,30.313862426434,489,17,"Ambodivoara_3",0.0347648261758691,"Allocebus_trichotis"
"100",1122.32098765432,22.8774509803922,33.7994515189418,496,21,"Ambodivoara_4",0.0423387096774194,"Allocebus_trichotis"
"101",1063.96096096096,24.7475961538461,34.5930775464834,340,3,"Ambodivoara_5",0.00882352941176471,"Allocebus_trichotis"
"102",1086.46278317152,20.8821989528796,24.7840409525776,316,0,"AmbodivohitraKobahina_1",0,"Allocebus_trichotis"
"103",1121.23797468354,23.1958762886598,24.4150530211533,390,0,"AmbodivohitraKobahina_2",0,"Allocebus_trichotis"
"104",1076.65206812652,22.599609375,20.228741961384,411,0,"AmbodivohitraKobahina_3",0,"Allocebus_trichotis"
"105",1155.12476722533,21.0569715142429,22.2062117871404,542,2,"Androfiabe_1",0.003690036900369,"Allocebus_trichotis"
"106",1153.72495446266,20.9272197962154,22.1423842120909,563,2,"Androfiabe_2",0.00355239786856128,"Allocebus_trichotis"
"107",1067.56470588235,22.0380348652932,27.1282919360142,511,10,"Androfiabe_3",0.0195694716242661,"Allocebus_trichotis"
"108",1191,23.7326086956522,31.0194887022445,376,3,"Antanambe_1",0.00797872340425532,"Allocebus_trichotis"
"109",1106.1029082774,23.3441441441441,25.584575903229,457,5,"Antanambe_2",0.0109409190371991,"Allocebus_trichotis"
"110",1142.02154398564,20.6075581395349,33.9868753337347,556,20,"Antanambe_3",0.0359712230215827,"Allocebus_trichotis"
"111",1229.79444444444,19.8322147651007,30.2797085020277,310,11,"Befamatra_1",0.0354838709677419,"Allocebus_trichotis"
"112",1226.84590163934,24.6773333333333,34.0825648354702,293,0,"Befamatra_2",0,"Allocebus_trichotis"
"113",1399.90705128205,24.0467532467532,32.242359543458,311,1,"Befamatra_3",0.00321543408360129,"Allocebus_trichotis"
"114",965.795865633075,20.1398747390397,29.9251739997272,367,6,"Betaolana_1",0.0163487738419619,"Allocebus_trichotis"
"115",1133.30585106383,21.3505376344086,35.945834972757,377,9,"Betaolana_2",0.0238726790450928,"Allocebus_trichotis"
"116",1083.19038076152,23.5016286644951,26.9046250498127,500,6,"Betaolana_3",0.012,"Allocebus_trichotis"
"117",1153.52727272727,21.7328467153285,26.1814361502907,561,0,"Ambavala_1",0,"Eulemur_albifrons"
"118",1113.04076738609,22.0794573643411,26.5783326551497,419,0,"Ambavala_2",0,"Eulemur_albifrons"
"119",1076.82194616977,21.938127090301,23.2650646324237,474,9,"Ambavala_3",0.0189873417721519,"Eulemur_albifrons"
"120",1187.98283261803,25.5706806282723,23.4835889738517,473,3,"Ambodihasina_1",0.00634249471458774,"Eulemur_albifrons"
"121",1189.70140280561,25.1753246753247,23.1645078248156,507,0,"Ambodihasina_2",0,"Eulemur_albifrons"
"122",1098.64965197216,23.7209737827715,23.438169387543,428,12,"Ambodihasina_3",0.0280373831775701,"Eulemur_albifrons"
"123",1126.31034482759,21.7623762376238,35.3867958562127,576,3,"Ambodimandresy_1",0.00520833333333333,"Eulemur_albifrons"
"124",1080.16317991632,23.1726495726496,38.4262854643945,477,7,"Ambodimandresy_2",0.0146750524109015,"Eulemur_albifrons"
"125",1071.22419928826,24.6513629842181,34.235732492603,568,0,"Ambodimandresy_3",0,"Eulemur_albifrons"
"126",1158.7,23.8545953360768,36.393834604066,595,19,"Ambodivoara_1",0.0319327731092437,"Eulemur_albifrons"
"127",1116.76543209877,23.3272425249169,39.5065034613197,493,13,"Ambodivoara_2",0.026369168356998,"Eulemur_albifrons"
"128",1145.60540540541,24.7394468704512,30.2861817617674,565,19,"Ambodivoara_3",0.0336283185840708,"Eulemur_albifrons"
"129",1121.48780487805,22.8967468175389,33.5799775381121,580,22,"Ambodivoara_4",0.0379310344827586,"Eulemur_albifrons"
"130",1064.84398976982,24.6024844720497,34.5792384659848,399,5,"Ambodivoara_5",0.012531328320802,"Eulemur_albifrons"
"131",1086.34594594595,21.037610619469,25.0831626673002,365,0,"AmbodivohitraKobahina_1",0,"Eulemur_albifrons"
"132",1121.19340659341,23.05291005291,23.8912357550401,463,0,"AmbodivohitraKobahina_2",0,"Eulemur_albifrons"
"133",1076.21666666667,22.6033613445378,20.3150898993015,476,0,"AmbodivohitraKobahina_3",0,"Eulemur_albifrons"
"134",1153.4674267101,21.242819843342,21.9961603091672,625,2,"Androfiabe_1",0.0032,"Eulemur_albifrons"
"135",1151.884375,21.1118170266836,22.1434969700873,640,2,"Androfiabe_2",0.003125,"Eulemur_albifrons"
"136",1065.29081632653,21.8315068493151,27.1702745252726,591,16,"Androfiabe_3",0.027072758037225,"Eulemur_albifrons"
"137",1189.1095890411,23.6579439252336,31.3082374840567,442,3,"Antanambe_1",0.00678733031674208,"Eulemur_albifrons"
"138",1104.58766859345,23.1832298136646,25.4475980278155,526,6,"Antanambe_2",0.0114068441064639,"Eulemur_albifrons"
"139",1142.97496087637,20.603513174404,33.9953064306614,648,20,"Antanambe_3",0.0308641975308642,"Eulemur_albifrons"
"140",1229.23474178404,19.8963531669865,29.6456110264774,364,16,"Befamatra_1",0.043956043956044,"Eulemur_albifrons"
"141",1225.59392265193,24.2471655328798,34.7326771198715,338,0,"Befamatra_2",0,"Eulemur_albifrons"
"142",1398.68010752688,24.0641592920354,32.6971414986477,369,2,"Befamatra_3",0.00542005420054201,"Eulemur_albifrons"
"143",963.229910714286,19.5098389982111,30.1601441513215,412,12,"Betaolana_1",0.029126213592233,"Eulemur_albifrons"
"144",1128.90137614679,21.5896487985213,35.4296565394883,446,12,"Betaolana_2",0.0269058295964126,"Eulemur_albifrons"
"145",1084.18685121107,23.2334739803094,27.1883209535408,582,11,"Betaolana_3",0.0189003436426117,"Eulemur_albifrons"
"146",1164.65811965812,20.9673202614379,25.3242713406555,124,0,"Ambavala_1",0,"Avahi_laniger"
"147",1113.33333333333,22.5545454545455,27.2977173136569,89,0,"Ambavala_2",0,"Avahi_laniger"
"148",1069.02702702703,22.7573529411765,21.6165425970748,105,0,"Ambavala_3",0,"Avahi_laniger"
"149",1197.89473684211,25.825,23.7386921631662,99,0,"Ambodihasina_1",0,"Avahi_laniger"
"150",1187.47663551402,25.6444444444444,21.9762376624847,109,0,"Ambodihasina_2",0,"Avahi_laniger"
"151",1097.83529411765,24.2201834862385,25.3151773564956,89,0,"Ambodihasina_3",0,"Avahi_laniger"
"152",1138.92682926829,21.9463087248322,34.4133482367043,121,0,"Ambodimandresy_1",0,"Avahi_laniger"
"153",1094.77777777778,23.4545454545455,40.7292146201086,98,0,"Ambodimandresy_2",0,"Avahi_laniger"
"154",1061.73770491803,25.3354838709677,28.4395348126771,127,0,"Ambodimandresy_3",0,"Avahi_laniger"
"155",1162.75352112676,24.406976744186,34.0444836482196,141,5,"Ambodivoara_1",0.0354609929078014,"Avahi_laniger"
"156",1126.23529411765,24.2808219178082,39.8897378665058,122,0,"Ambodivoara_2",0,"Avahi_laniger"
"157",1160.99259259259,26.3035714285714,32.0508674515618,140,3,"Ambodivoara_3",0.0214285714285714,"Avahi_laniger"
"158",1126.79562043796,22.2289156626506,33.8070323832714,135,9,"Ambodivoara_4",0.0666666666666667,"Avahi_laniger"
"159",1049.41025641026,24.530612244898,32.707903110064,79,0,"Ambodivoara_5",0,"Avahi_laniger"
"160",1083.8904109589,17.875,23.3515343796717,73,0,"AmbodivohitraKobahina_1",0,"Avahi_laniger"
"161",1121.21428571429,23.65,23.8926364159097,95,0,"AmbodivohitraKobahina_2",0,"Avahi_laniger"
"162",1078.96363636364,23.5522388059701,19.1745802792636,110,0,"AmbodivohitraKobahina_3",0,"Avahi_laniger"
"163",1165.6644295302,20.6284153005464,21.6584783240453,151,0,"Androfiabe_1",0,"Avahi_laniger"
"164",1164.41176470588,20.7049180327869,19.3793928856943,157,0,"Androfiabe_2",0,"Avahi_laniger"
"165",1080.87586206897,22.1920903954802,26.3396543108184,143,0,"Androfiabe_3",0,"Avahi_laniger"
"166",1191.67777777778,23.8909090909091,32.9083208825853,93,0,"Antanambe_1",0,"Avahi_laniger"
"167",1117.00900900901,24.9230769230769,25.3773477850734,120,1,"Antanambe_2",0.00833333333333333,"Avahi_laniger"
"168",1145.84285714286,22.092485549133,34.1994919095721,139,4,"Antanambe_3",0.0287769784172662,"Avahi_laniger"
"169",1239.93023255814,21.9285714285714,28.2362746970598,88,0,"Befamatra_1",0,"Avahi_laniger"
"170",1233,26.9058823529412,32.1343639937925,71,0,"Befamatra_2",0,"Avahi_laniger"
"171",1403.41333333333,25.3372093023256,28.2244500732422,74,0,"Befamatra_3",0,"Avahi_laniger"
"172",978.204081632653,21.563025210084,29.8971817444782,97,0,"Betaolana_1",0,"Avahi_laniger"
"173",1158.40217391304,21.0614035087719,35.3930500901264,95,2,"Betaolana_2",0.0210526315789474,"Avahi_laniger"
"174",1078.015625,25.2516129032258,24.0835988558829,133,0,"Betaolana_3",0,"Avahi_laniger"
"175",1160.9068627451,21.0961538461539,25.5328577125774,208,0,"Ambavala_1",0,"Cheirogaleus_crossleyi"
"176",1112.02702702703,22.4247311827957,26.3523208096221,152,0,"Ambavala_2",0,"Cheirogaleus_crossleyi"
"177",1069.19444444444,22.8666666666667,21.9777253283395,180,2,"Ambavala_3",0.0111111111111111,"Cheirogaleus_crossleyi"
"178",1194.03012048193,25.9613526570048,23.555560876088,168,0,"Ambodihasina_1",0,"Cheirogaleus_crossleyi"
"179",1189.23076923077,25.3896103896104,22.1636625855834,189,0,"Ambodihasina_2",0,"Cheirogaleus_crossleyi"
"180",1097.72368421053,23.5425531914894,24.2928245883239,156,2,"Ambodihasina_3",0.0128205128205128,"Cheirogaleus_crossleyi"
"181",1132.82488479263,22.2373540856031,35.4649624450965,214,0,"Ambodimandresy_1",0,"Cheirogaleus_crossleyi"
"182",1091.20588235294,22.868544600939,40.5402289783253,171,0,"Ambodimandresy_2",0,"Cheirogaleus_crossleyi"
"183",1064.25821596244,25,29.9728599467748,215,0,"Ambodimandresy_3",0,"Cheirogaleus_crossleyi"
"184",1159.64502164502,23.7972027972028,34.8360751263507,233,8,"Ambodivoara_1",0.0343347639484979,"Cheirogaleus_crossleyi"
"185",1127.02105263158,24.2669491525424,41.9213035533303,192,0,"Ambodivoara_2",0,"Cheirogaleus_crossleyi"
"186",1156.46363636364,25.8014705882353,31.7904382944107,221,6,"Ambodivoara_3",0.0271493212669683,"Cheirogaleus_crossleyi"
"187",1126.75688073394,22.3236363636364,34.7796403968006,221,12,"Ambodivoara_4",0.0542986425339367,"Cheirogaleus_crossleyi"
"188",1054.13768115942,24.7142857142857,33.5193947881892,141,0,"Ambodivoara_5",0,"Cheirogaleus_crossleyi"
"189",1084.12,18.7564102564103,23.6235911140442,132,0,"AmbodivohitraKobahina_1",0,"Cheirogaleus_crossleyi"
"190",1122.02976190476,23.6538461538461,24.3305556859289,165,0,"AmbodivohitraKobahina_2",0,"Cheirogaleus_crossleyi"
"191",1077.68681318681,23.4594594594595,18.9522305425707,183,0,"AmbodivohitraKobahina_3",0,"Cheirogaleus_crossleyi"
"192",1161.89669421488,20.6798679867987,22.2753572995998,251,1,"Androfiabe_1",0.00398406374501992,"Cheirogaleus_crossleyi"
"193",1162.05577689243,20.7450980392157,20.764531842266,255,0,"Androfiabe_2",0,"Cheirogaleus_crossleyi"
"194",1076.91341991342,22.4583333333333,26.6796695288126,239,0,"Androfiabe_3",0,"Cheirogaleus_crossleyi"
"195",1192.16455696203,23.6340206185567,32.2889697762984,158,2,"Antanambe_1",0.0126582278481013,"Cheirogaleus_crossleyi"
"196",1113.4554973822,24.1576763485477,26.1122184636081,197,2,"Antanambe_2",0.0101522842639594,"Cheirogaleus_crossleyi"
"197",1144.95884773663,21.6133333333333,34.1540389316072,239,5,"Antanambe_3",0.0209205020920502,"Cheirogaleus_crossleyi"
"198",1237.81208053691,21.0052631578947,29.2227239736775,138,0,"Befamatra_1",0,"Cheirogaleus_crossleyi"
"199",1232.18181818182,26.9868421052632,33.587181863706,124,0,"Befamatra_2",0,"Cheirogaleus_crossleyi"
"200",1400.72440944882,24.523178807947,29.0751707647729,123,0,"Befamatra_3",0,"Cheirogaleus_crossleyi"
"201",976.060975609756,21.6519607843137,29.4330442242506,164,0,"Betaolana_1",0,"Cheirogaleus_crossleyi"
"202",1154.08641975309,20.9329896907216,37.2585995403337,161,4,"Betaolana_2",0.0248447204968944,"Cheirogaleus_crossleyi"
"203",1079.1880733945,24.9120879120879,25.0818552533421,219,0,"Betaolana_3",0,"Cheirogaleus_crossleyi"
"204",1165.98901098901,20.8623853211009,25.4467883267245,95,0,"Ambavala_1",0,"Lepilemur_saeli"
"205",1113.11764705882,22.4871794871795,27.2393968806547,66,0,"Ambavala_2",0,"Lepilemur_saeli"
"206",1069.03896103896,23.125,21.1394919234437,82,0,"Ambavala_3",0,"Lepilemur_saeli"
"207",1198.04285714286,25.9204545454545,23.87898947852,69,0,"Ambodihasina_1",0,"Lepilemur_saeli"
"208",1189.42168674699,25.8265306122449,21.9269823855664,78,0,"Ambodihasina_2",0,"Lepilemur_saeli"
"209",1097.88888888889,24.6835443037975,25.7692686111208,64,0,"Ambodihasina_3",0,"Lepilemur_saeli"
"210",1141.87671232877,21.8571428571429,34.8012568983313,80,0,"Ambodimandresy_1",0,"Lepilemur_saeli"
"211",1091.95774647887,23.6144578313253,41.2539027308075,72,0,"Ambodimandresy_2",0,"Lepilemur_saeli"
"212",1061.64516129032,25.5,27.8891179587251,89,0,"Ambodimandresy_3",0,"Lepilemur_saeli"
"213",1167.28431372549,24.7426470588235,33.2721462530248,112,2,"Ambodivoara_1",0.0178571428571429,"Lepilemur_saeli"
"214",1127.67391304348,24.3981481481481,39.8307095092276,89,0,"Ambodivoara_2",0,"Lepilemur_saeli"
"215",1163.49523809524,26.4351145038168,31.9908407529195,105,2,"Ambodivoara_3",0.019047619047619,"Lepilemur_saeli"
"216",1134.12621359223,22.0692307692308,34.1630139674955,107,6,"Ambodivoara_4",0.0560747663551402,"Lepilemur_saeli"
"217",1051.9649122807,24.3768115942029,33.3948031893948,55,0,"Ambodivoara_5",0,"Lepilemur_saeli"
"218",1085.43859649123,17.6176470588235,23.7262189848381,57,0,"AmbodivohitraKobahina_1",0,"Lepilemur_saeli"
"219",1123.16216216216,23.5913978494624,24.3682708611359,78,0,"AmbodivohitraKobahina_2",0,"Lepilemur_saeli"
"220",1078.46428571429,23.4245283018868,19.3014937923068,85,0,"AmbodivohitraKobahina_3",0,"Lepilemur_saeli"
"221",1165.46218487395,20.7112676056338,21.2164034082108,117,0,"Androfiabe_1",0,"Lepilemur_saeli"
"222",1164.30701754386,20.648275862069,18.5351858640972,118,0,"Androfiabe_2",0,"Lepilemur_saeli"
"223",1082.5871559633,22.4460431654676,25.9821687050916,116,0,"Androfiabe_3",0,"Lepilemur_saeli"
"224",1195.9,23.710843373494,33.2822156088693,70,0,"Antanambe_1",0,"Lepilemur_saeli"
"225",1116.76136363636,25.3714285714286,25.5835557552901,85,0,"Antanambe_2",0,"Lepilemur_saeli"
"226",1152.34375,22.568,34.930715272824,102,2,"Antanambe_3",0.0196078431372549,"Lepilemur_saeli"
"227",1241.52941176471,22.8846153846154,29.0379008265103,65,0,"Befamatra_1",0,"Lepilemur_saeli"
"228",1233.24489795918,27.4126984126984,31.3733341645221,49,0,"Befamatra_2",0,"Lepilemur_saeli"
"229",1398.48979591837,25.7164179104478,28.0864102499826,54,0,"Befamatra_3",0,"Lepilemur_saeli"
"230",980.138888888889,21.6666666666667,29.3969189193514,74,0,"Betaolana_1",0,"Lepilemur_saeli"
"231",1167.23880597015,20.8444444444444,34.2706899500605,71,2,"Betaolana_2",0.028169014084507,"Lepilemur_saeli"
"232",1077.01052631579,25.2372881355932,23.7130032037434,98,0,"Betaolana_3",0,"Lepilemur_saeli"
"233",1147.74135546335,21.910835214447,26.1093152954371,724,0,"Ambavala_1",0,"Eulemur_rubriventer"
"234",1115.76036036036,22.0131578947368,25.6661234408885,560,0,"Ambavala_2",0,"Eulemur_rubriventer"
"235",1078.22893481717,21.7210191082802,22.7675079586775,618,20,"Ambavala_3",0.0323624595469256,"Eulemur_rubriventer"
"236",1187.74876033058,25.3226666666667,22.8761837896236,615,4,"Ambodihasina_1",0.00650406504065041,"Eulemur_rubriventer"
"237",1190.06800618238,25.1086142322097,23.238251470156,660,2,"Ambodihasina_2",0.00303030303030303,"Eulemur_rubriventer"
"238",1100.42402826855,23.6700288184438,22.9881968776245,563,12,"Ambodihasina_3",0.0213143872113677,"Eulemur_rubriventer"
"239",1127.72334682861,21.6411378555799,34.9914810087999,746,6,"Ambodimandresy_1",0.00804289544235925,"Eulemur_rubriventer"
"240",1076.7837398374,23.4664914586071,37.9515463976356,627,7,"Ambodimandresy_2",0.0111642743221691,"Eulemur_rubriventer"
"241",1079.17166212534,24.4537444933921,35.4598995489385,744,0,"Ambodimandresy_3",0,"Eulemur_rubriventer"
"242",1162.21276595745,24.0526315789474,36.7007479122345,761,20,"Ambodivoara_1",0.026281208935611,"Eulemur_rubriventer"
"243",1115.46909667195,23.0345268542199,38.2224930182878,643,21,"Ambodivoara_2",0.0326594090202177,"Eulemur_rubriventer"
"244",1144.20169252468,24.6700913242009,30.4681723275877,721,20,"Ambodivoara_3",0.0277392510402219,"Eulemur_rubriventer"
"245",1122.55646258503,22.8508287292818,33.494231578282,737,28,"Ambodivoara_4",0.0379918588873813,"Eulemur_rubriventer"
"246",1070.75291828794,23.9088050314465,35.076632120266,521,11,"Ambodivoara_5",0.0211132437619962,"Eulemur_rubriventer"
"247",1087.11728395062,21.2016666666667,24.7973178296423,495,0,"AmbodivohitraKobahina_1",0,"Eulemur_rubriventer"
"248",1120.71666666667,23.0218878248974,23.2206509757042,598,0,"AmbodivohitraKobahina_2",0,"Eulemur_rubriventer"
"249",1076.20414673046,22.4688311688312,20.80914453038,622,4,"AmbodivohitraKobahina_3",0.00643086816720257,"Eulemur_rubriventer"
"250",1149.97106918239,21.5702564102564,21.870741303162,805,2,"Androfiabe_1",0.00248447204968944,"Eulemur_rubriventer"
"251",1147.77261613692,21.4890219560878,21.9740177582412,833,2,"Androfiabe_2",0.00240096038415366,"Eulemur_rubriventer"
"252",1060.90679094541,21.4983888292159,27.0599900244397,755,24,"Androfiabe_3",0.0317880794701987,"Eulemur_rubriventer"
"253",1187.57443082312,23.4328147100424,32.0674767586062,580,5,"Antanambe_1",0.00862068965517241,"Eulemur_rubriventer"
"254",1103.42603550296,22.9432367149759,25.6695386859087,683,9,"Antanambe_2",0.0131771595900439,"Eulemur_rubriventer"
"255",1144.65990453461,20.8056918547596,33.9220244884491,821,24,"Antanambe_3",0.0292326431181486,"Eulemur_rubriventer"
"256",1227.15579710145,20.0625909752547,29.3158402391102,491,29,"Befamatra_1",0.0590631364562118,"Eulemur_rubriventer"
"257",1224.20210526316,23.5993208828523,35.4421368488513,452,3,"Befamatra_2",0.00663716814159292,"Eulemur_rubriventer"
"258",1399.71546391753,23.8754208754209,32.9249368146523,493,3,"Befamatra_3",0.00608519269776876,"Eulemur_rubriventer"
"259",958.314091680815,18.5178082191781,29.9057245278804,490,18,"Betaolana_1",0.036734693877551,"Eulemur_rubriventer"
"260",1122.09615384615,22.2274011299435,34.324811292695,581,17,"Betaolana_2",0.0292598967297762,"Eulemur_rubriventer"
"261",1084.08130081301,22.9336956521739,27.9115215640081,750,14,"Betaolana_3",0.0186666666666667,"Eulemur_rubriventer"
